# Made in Blockbench 5.1.6
mtllib hsrfs.mtl

o Hull
v 0 2.5 0
v 0.085185625 2.414814375 0.6470475
v 0.164565625 2.16506375 1.25
v 0.232730625 1.767766875 1.767766875
v 0.28503625 1.25 2.16506375
v 0.31791625 0.6470475 2.414814375
v 0.32913125 0 2.5
v 0.24975125 2.414814375 0.6029525
v 0.482481875 2.16506375 1.164814375
v 0.6823325 1.767766875 1.64729625
v 0.835683125 1.25 2.017518125
v 0.93208375 0.6470475 2.25024875
v 0.96496375 0 2.329629375
v 0.39729625 2.414814375 0.517766875
v 0.767518125 2.16506375 1.00024875
v 1.085434375 1.767766875 1.414565625
v 1.32938 1.25 1.732481875
v 1.482730625 0.6470475 1.9323325
v 1.53503625 0 2.000498125
v 0.517766875 2.414814375 0.39729625
v 1.00024875 2.16506375 0.767518125
v 1.414565625 1.767766875 1.085434375
v 1.732481875 1.25 1.32938
v 1.9323325 0.6470475 1.482730625
v 2.000498125 0 1.53503625
v 0.6029525 2.414814375 0.24975125
v 1.164814375 2.16506375 0.482481875
v 1.64729625 1.767766875 0.6823325
v 2.017518125 1.25 0.835683125
v 2.25024875 0.6470475 0.93208375
v 2.329629375 0 0.96496375
v 0.6470475 2.414814375 0.085185625
v 1.25 2.16506375 0.164565625
v 1.767766875 1.767766875 0.232730625
v 2.16506375 1.25 0.28503625
v 2.414814375 0.6470475 0.31791625
v 2.5 0 0.32913125
v 0.6470475 2.414814375 -0.085185625
v 1.25 2.16506375 -0.164565625
v 1.767766875 1.767766875 -0.232730625
v 2.16506375 1.25 -0.28503625
v 2.414814375 0.6470475 -0.31791625
v 2.5 0 -0.32913125
v 0.6029525 2.414814375 -0.24975125
v 1.164814375 2.16506375 -0.482481875
v 1.64729625 1.767766875 -0.6823325
v 2.017518125 1.25 -0.835683125
v 2.25024875 0.6470475 -0.93208375
v 2.329629375 0 -0.96496375
v 0.517766875 2.414814375 -0.39729625
v 1.00024875 2.16506375 -0.767518125
v 1.414565625 1.767766875 -1.085434375
v 1.732481875 1.25 -1.32938
v 1.9323325 0.6470475 -1.482730625
v 2.000498125 0 -1.53503625
v 0.39729625 2.414814375 -0.517766875
v 0.767518125 2.16506375 -1.00024875
v 1.085434375 1.767766875 -1.414565625
v 1.32938 1.25 -1.732481875
v 1.482730625 0.6470475 -1.9323325
v 1.53503625 0 -2.000498125
v 0.24975125 2.414814375 -0.6029525
v 0.482481875 2.16506375 -1.164814375
v 0.6823325 1.767766875 -1.64729625
v 0.835683125 1.25 -2.017518125
v 0.93208375 0.6470475 -2.25024875
v 0.96496375 0 -2.329629375
v 0.085185625 2.414814375 -0.6470475
v 0.164565625 2.16506375 -1.25
v 0.232730625 1.767766875 -1.767766875
v 0.28503625 1.25 -2.16506375
v 0.31791625 0.6470475 -2.414814375
v 0.32913125 0 -2.5
v -0.085185625 2.414814375 -0.6470475
v -0.164565625 2.16506375 -1.25
v -0.232730625 1.767766875 -1.767766875
v -0.28503625 1.25 -2.16506375
v -0.31791625 0.6470475 -2.414814375
v -0.32913125 0 -2.5
v -0.24975125 2.414814375 -0.6029525
v -0.482481875 2.16506375 -1.164814375
v -0.6823325 1.767766875 -1.64729625
v -0.835683125 1.25 -2.017518125
v -0.93208375 0.6470475 -2.25024875
v -0.96496375 0 -2.329629375
v -0.39729625 2.414814375 -0.517766875
v -0.767518125 2.16506375 -1.00024875
v -1.085434375 1.767766875 -1.414565625
v -1.32938 1.25 -1.732481875
v -1.482730625 0.6470475 -1.9323325
v -1.53503625 0 -2.000498125
v -0.517766875 2.414814375 -0.39729625
v -1.00024875 2.16506375 -0.767518125
v -1.414565625 1.767766875 -1.085434375
v -1.732481875 1.25 -1.32938
v -1.9323325 0.6470475 -1.482730625
v -2.000498125 0 -1.53503625
v -0.6029525 2.414814375 -0.24975125
v -1.164814375 2.16506375 -0.482481875
v -1.64729625 1.767766875 -0.6823325
v -2.017518125 1.25 -0.835683125
v -2.25024875 0.6470475 -0.93208375
v -2.329629375 0 -0.96496375
v -0.6470475 2.414814375 -0.085185625
v -1.25 2.16506375 -0.164565625
v -1.767766875 1.767766875 -0.232730625
v -2.16506375 1.25 -0.28503625
v -2.414814375 0.6470475 -0.31791625
v -2.5 0 -0.32913125
v -0.6470475 2.414814375 0.085185625
v -1.25 2.16506375 0.164565625
v -1.767766875 1.767766875 0.232730625
v -2.16506375 1.25 0.28503625
v -2.414814375 0.6470475 0.31791625
v -2.5 0 0.32913125
v -0.6029525 2.414814375 0.24975125
v -1.164814375 2.16506375 0.482481875
v -1.64729625 1.767766875 0.6823325
v -2.017518125 1.25 0.835683125
v -2.25024875 0.6470475 0.93208375
v -2.329629375 0 0.96496375
v -0.517766875 2.414814375 0.39729625
v -1.00024875 2.16506375 0.767518125
v -1.414565625 1.767766875 1.085434375
v -1.732481875 1.25 1.32938
v -1.9323325 0.6470475 1.482730625
v -2.000498125 0 1.53503625
v -0.39729625 2.414814375 0.517766875
v -0.767518125 2.16506375 1.00024875
v -1.085434375 1.767766875 1.414565625
v -1.32938 1.25 1.732481875
v -1.482730625 0.6470475 1.9323325
v -1.53503625 0 2.000498125
v -0.24975125 2.414814375 0.6029525
v -0.482481875 2.16506375 1.164814375
v -0.6823325 1.767766875 1.64729625
v -0.835683125 1.25 2.017518125
v -0.93208375 0.6470475 2.25024875
v -0.96496375 0 2.329629375
v -0.085185625 2.414814375 0.6470475
v -0.164565625 2.16506375 1.25
v -0.232730625 1.767766875 1.767766875
v -0.28503625 1.25 2.16506375
v -0.31791625 0.6470475 2.414814375
v -0.32913125 0 2.5
v 0 2.375 0
v 0.08092625 2.29407375 0.614695
v 0.1563375 2.056810625 1.1875
v 0.221094375 1.67937875 1.67937875
v 0.270784375 1.1875 2.056810625
v 0.302020625 0.614695 2.29407375
v 0.312674375 0 2.375
v 0.23726375 2.29407375 0.572805
v 0.458358125 2.056810625 1.10657375
v 0.64821625 1.67937875 1.564931875
v 0.793899375 1.1875 1.916641875
v 0.885479375 0.614695 2.13773625
v 0.916715625 0 2.2131475
v 0.377431875 2.29407375 0.49187875
v 0.729141875 2.056810625 0.95023625
v 1.0311625 1.67937875 1.3438375
v 1.26291125 1.1875 1.645858125
v 1.408594375 0.614695 1.83571625
v 1.458284375 0 1.900473125
v 0.49187875 2.29407375 0.377431875
v 0.95023625 2.056810625 0.729141875
v 1.3438375 1.67937875 1.0311625
v 1.645858125 1.1875 1.26291125
v 1.83571625 0.614695 1.408594375
v 1.900473125 0 1.458284375
v 0.572805 2.29407375 0.23726375
v 1.10657375 2.056810625 0.458358125
v 1.564931875 1.67937875 0.64821625
v 1.916641875 1.1875 0.793899375
v 2.13773625 0.614695 0.885479375
v 2.2131475 0 0.916715625
v 0.614695 2.29407375 0.08092625
v 1.1875 2.056810625 0.1563375
v 1.67937875 1.67937875 0.221094375
v 2.056810625 1.1875 0.270784375
v 2.29407375 0.614695 0.302020625
v 2.375 0 0.312674375
v 0.614695 2.29407375 -0.08092625
v 1.1875 2.056810625 -0.1563375
v 1.67937875 1.67937875 -0.221094375
v 2.056810625 1.1875 -0.270784375
v 2.29407375 0.614695 -0.302020625
v 2.375 0 -0.312674375
v 0.572805 2.29407375 -0.23726375
v 1.10657375 2.056810625 -0.458358125
v 1.564931875 1.67937875 -0.64821625
v 1.916641875 1.1875 -0.793899375
v 2.13773625 0.614695 -0.885479375
v 2.2131475 0 -0.916715625
v 0.49187875 2.29407375 -0.377431875
v 0.95023625 2.056810625 -0.729141875
v 1.3438375 1.67937875 -1.0311625
v 1.645858125 1.1875 -1.26291125
v 1.83571625 0.614695 -1.408594375
v 1.900473125 0 -1.458284375
v 0.377431875 2.29407375 -0.49187875
v 0.729141875 2.056810625 -0.95023625
v 1.0311625 1.67937875 -1.3438375
v 1.26291125 1.1875 -1.645858125
v 1.408594375 0.614695 -1.83571625
v 1.458284375 0 -1.900473125
v 0.23726375 2.29407375 -0.572805
v 0.458358125 2.056810625 -1.10657375
v 0.64821625 1.67937875 -1.564931875
v 0.793899375 1.1875 -1.916641875
v 0.885479375 0.614695 -2.13773625
v 0.916715625 0 -2.2131475
v 0.08092625 2.29407375 -0.614695
v 0.1563375 2.056810625 -1.1875
v 0.221094375 1.67937875 -1.67937875
v 0.270784375 1.1875 -2.056810625
v 0.302020625 0.614695 -2.29407375
v 0.312674375 0 -2.375
v -0.08092625 2.29407375 -0.614695
v -0.1563375 2.056810625 -1.1875
v -0.221094375 1.67937875 -1.67937875
v -0.270784375 1.1875 -2.056810625
v -0.302020625 0.614695 -2.29407375
v -0.312674375 0 -2.375
v -0.23726375 2.29407375 -0.572805
v -0.458358125 2.056810625 -1.10657375
v -0.64821625 1.67937875 -1.564931875
v -0.793899375 1.1875 -1.916641875
v -0.885479375 0.614695 -2.13773625
v -0.916715625 0 -2.2131475
v -0.377431875 2.29407375 -0.49187875
v -0.729141875 2.056810625 -0.95023625
v -1.0311625 1.67937875 -1.3438375
v -1.26291125 1.1875 -1.645858125
v -1.408594375 0.614695 -1.83571625
v -1.458284375 0 -1.900473125
v -0.49187875 2.29407375 -0.377431875
v -0.95023625 2.056810625 -0.729141875
v -1.3438375 1.67937875 -1.0311625
v -1.645858125 1.1875 -1.26291125
v -1.83571625 0.614695 -1.408594375
v -1.900473125 0 -1.458284375
v -0.572805 2.29407375 -0.23726375
v -1.10657375 2.056810625 -0.458358125
v -1.564931875 1.67937875 -0.64821625
v -1.916641875 1.1875 -0.793899375
v -2.13773625 0.614695 -0.885479375
v -2.2131475 0 -0.916715625
v -0.614695 2.29407375 -0.08092625
v -1.1875 2.056810625 -0.1563375
v -1.67937875 1.67937875 -0.221094375
v -2.056810625 1.1875 -0.270784375
v -2.29407375 0.614695 -0.302020625
v -2.375 0 -0.312674375
v -0.614695 2.29407375 0.08092625
v -1.1875 2.056810625 0.1563375
v -1.67937875 1.67937875 0.221094375
v -2.056810625 1.1875 0.270784375
v -2.29407375 0.614695 0.302020625
v -2.375 0 0.312674375
v -0.572805 2.29407375 0.23726375
v -1.10657375 2.056810625 0.458358125
v -1.564931875 1.67937875 0.64821625
v -1.916641875 1.1875 0.793899375
v -2.13773625 0.614695 0.885479375
v -2.2131475 0 0.916715625
v -0.49187875 2.29407375 0.377431875
v -0.95023625 2.056810625 0.729141875
v -1.3438375 1.67937875 1.0311625
v -1.645858125 1.1875 1.26291125
v -1.83571625 0.614695 1.408594375
v -1.900473125 0 1.458284375
v -0.377431875 2.29407375 0.49187875
v -0.729141875 2.056810625 0.95023625
v -1.0311625 1.67937875 1.3438375
v -1.26291125 1.1875 1.645858125
v -1.408594375 0.614695 1.83571625
v -1.458284375 0 1.900473125
v -0.23726375 2.29407375 0.572805
v -0.458358125 2.056810625 1.10657375
v -0.64821625 1.67937875 1.564931875
v -0.793899375 1.1875 1.916641875
v -0.885479375 0.614695 2.13773625
v -0.916715625 0 2.2131475
v -0.08092625 2.29407375 0.614695
v -0.1563375 2.056810625 1.1875
v -0.221094375 1.67937875 1.67937875
v -0.270784375 1.1875 2.056810625
v -0.302020625 0.614695 2.29407375
v -0.312674375 0 2.375
vt 0.259765625 0.4296875
vt 0.267578125 0.4296875
vt 0.263671875 0.46875
vt 0.259765625 0.4296875
vt 0.2578125 0.390625
vt 0.26953125 0.390625
vt 0.267578125 0.4296875
vt 0.2578125 0.390625
vt 0.255859375 0.3515625
vt 0.271484375 0.3515625
vt 0.26953125 0.390625
vt 0.255859375 0.3515625
vt 0.25390625 0.3125
vt 0.2734375 0.3125
vt 0.271484375 0.3515625
vt 0.25390625 0.3125
vt 0.25390625 0.2734375
vt 0.2734375 0.2734375
vt 0.2734375 0.3125
vt 0.25390625 0.2734375
vt 0.25390625 0.234375
vt 0.2734375 0.234375
vt 0.2734375 0.2734375
vt 0.279296875 0.4296875
vt 0.287109375 0.4296875
vt 0.283203125 0.46875
vt 0.279296875 0.4296875
vt 0.27734375 0.390625
vt 0.2890625 0.390625
vt 0.287109375 0.4296875
vt 0.27734375 0.390625
vt 0.275390625 0.3515625
vt 0.291015625 0.3515625
vt 0.2890625 0.390625
vt 0.275390625 0.3515625
vt 0.2734375 0.3125
vt 0.29296875 0.3125
vt 0.291015625 0.3515625
vt 0.2734375 0.3125
vt 0.2734375 0.2734375
vt 0.29296875 0.2734375
vt 0.29296875 0.3125
vt 0.2734375 0.2734375
vt 0.2734375 0.234375
vt 0.29296875 0.234375
vt 0.29296875 0.2734375
vt 0.298828125 0.4296875
vt 0.306640625 0.4296875
vt 0.302734375 0.46875
vt 0.298828125 0.4296875
vt 0.296875 0.390625
vt 0.30859375 0.390625
vt 0.306640625 0.4296875
vt 0.296875 0.390625
vt 0.294921875 0.3515625
vt 0.310546875 0.3515625
vt 0.30859375 0.390625
vt 0.294921875 0.3515625
vt 0.29296875 0.3125
vt 0.3125 0.3125
vt 0.310546875 0.3515625
vt 0.29296875 0.3125
vt 0.29296875 0.2734375
vt 0.3125 0.2734375
vt 0.3125 0.3125
vt 0.29296875 0.2734375
vt 0.29296875 0.234375
vt 0.3125 0.234375
vt 0.3125 0.2734375
vt 0.318359375 0.4296875
vt 0.326171875 0.4296875
vt 0.322265625 0.46875
vt 0.318359375 0.4296875
vt 0.31640625 0.390625
vt 0.328125 0.390625
vt 0.326171875 0.4296875
vt 0.31640625 0.390625
vt 0.314453125 0.3515625
vt 0.330078125 0.3515625
vt 0.328125 0.390625
vt 0.314453125 0.3515625
vt 0.3125 0.3125
vt 0.33203125 0.3125
vt 0.330078125 0.3515625
vt 0.3125 0.3125
vt 0.3125 0.2734375
vt 0.33203125 0.2734375
vt 0.33203125 0.3125
vt 0.3125 0.2734375
vt 0.3125 0.234375
vt 0.33203125 0.234375
vt 0.33203125 0.2734375
vt 0.337890625 0.4296875
vt 0.345703125 0.4296875
vt 0.341796875 0.46875
vt 0.337890625 0.4296875
vt 0.3359375 0.390625
vt 0.34765625 0.390625
vt 0.345703125 0.4296875
vt 0.3359375 0.390625
vt 0.333984375 0.3515625
vt 0.349609375 0.3515625
vt 0.34765625 0.390625
vt 0.333984375 0.3515625
vt 0.33203125 0.3125
vt 0.3515625 0.3125
vt 0.349609375 0.3515625
vt 0.33203125 0.3125
vt 0.33203125 0.2734375
vt 0.3515625 0.2734375
vt 0.3515625 0.3125
vt 0.33203125 0.2734375
vt 0.33203125 0.234375
vt 0.3515625 0.234375
vt 0.3515625 0.2734375
vt 0.357421875 0.4296875
vt 0.365234375 0.4296875
vt 0.361328125 0.46875
vt 0.357421875 0.4296875
vt 0.35546875 0.390625
vt 0.3671875 0.390625
vt 0.365234375 0.4296875
vt 0.35546875 0.390625
vt 0.353515625 0.3515625
vt 0.369140625 0.3515625
vt 0.3671875 0.390625
vt 0.353515625 0.3515625
vt 0.3515625 0.3125
vt 0.37109375 0.3125
vt 0.369140625 0.3515625
vt 0.3515625 0.3125
vt 0.3515625 0.2734375
vt 0.37109375 0.2734375
vt 0.37109375 0.3125
vt 0.3515625 0.2734375
vt 0.3515625 0.234375
vt 0.37109375 0.234375
vt 0.37109375 0.2734375
vt 0.376953125 0.4296875
vt 0.384765625 0.4296875
vt 0.380859375 0.46875
vt 0.376953125 0.4296875
vt 0.375 0.390625
vt 0.38671875 0.390625
vt 0.384765625 0.4296875
vt 0.375 0.390625
vt 0.373046875 0.3515625
vt 0.388671875 0.3515625
vt 0.38671875 0.390625
vt 0.373046875 0.3515625
vt 0.37109375 0.3125
vt 0.390625 0.3125
vt 0.388671875 0.3515625
vt 0.37109375 0.3125
vt 0.37109375 0.2734375
vt 0.390625 0.2734375
vt 0.390625 0.3125
vt 0.37109375 0.2734375
vt 0.37109375 0.234375
vt 0.390625 0.234375
vt 0.390625 0.2734375
vt 0.396484375 0.4296875
vt 0.404296875 0.4296875
vt 0.400390625 0.46875
vt 0.396484375 0.4296875
vt 0.39453125 0.390625
vt 0.40625 0.390625
vt 0.404296875 0.4296875
vt 0.39453125 0.390625
vt 0.392578125 0.3515625
vt 0.408203125 0.3515625
vt 0.40625 0.390625
vt 0.392578125 0.3515625
vt 0.390625 0.3125
vt 0.41015625 0.3125
vt 0.408203125 0.3515625
vt 0.390625 0.3125
vt 0.390625 0.2734375
vt 0.41015625 0.2734375
vt 0.41015625 0.3125
vt 0.390625 0.2734375
vt 0.390625 0.234375
vt 0.41015625 0.234375
vt 0.41015625 0.2734375
vt 0.416015625 0.4296875
vt 0.423828125 0.4296875
vt 0.419921875 0.46875
vt 0.41640625 0.4296875
vt 0.4140625 0.390625
vt 0.42578125 0.390625
vt 0.423828125 0.4296875
vt 0.4140625 0.390625
vt 0.412109375 0.3515625
vt 0.427734375 0.3515625
vt 0.42578125 0.390625
vt 0.412109375 0.3515625
vt 0.41015625 0.3125
vt 0.4296875 0.3125
vt 0.427734375 0.3515625
vt 0.41015625 0.3125
vt 0.41015625 0.2734375
vt 0.4296875 0.2734375
vt 0.4296875 0.3125
vt 0.41015625 0.2734375
vt 0.41015625 0.234375
vt 0.4296875 0.234375
vt 0.4296875 0.2734375
vt 0.435546875 0.4296875
vt 0.443359375 0.4296875
vt 0.439453125 0.46875
vt 0.435546875 0.4296875
vt 0.43359375 0.390625
vt 0.4453125 0.390625
vt 0.443359375 0.4296875
vt 0.43359375 0.390625
vt 0.431640625 0.3515625
vt 0.447265625 0.3515625
vt 0.4453125 0.390625
vt 0.431640625 0.3515625
vt 0.4296875 0.3125
vt 0.44921875 0.3125
vt 0.447265625 0.3515625
vt 0.4296875 0.3125
vt 0.4296875 0.2734375
vt 0.44921875 0.2734375
vt 0.44921875 0.3125
vt 0.4296875 0.2734375
vt 0.4296875 0.234375
vt 0.44921875 0.234375
vt 0.44921875 0.2734375
vt 0.455078125 0.4296875
vt 0.462890625 0.4296875
vt 0.458984375 0.46875
vt 0.455078125 0.4296875
vt 0.453125 0.390625
vt 0.46484375 0.390625
vt 0.462890625 0.4296875
vt 0.453125 0.390625
vt 0.451171875 0.3515625
vt 0.466796875 0.3515625
vt 0.46484375 0.390625
vt 0.451171875 0.3515625
vt 0.44921875 0.3125
vt 0.46875 0.3125
vt 0.466796875 0.3515625
vt 0.44921875 0.3125
vt 0.44921875 0.2734375
vt 0.46875 0.2734375
vt 0.46875 0.3125
vt 0.44921875 0.2734375
vt 0.44921875 0.234375
vt 0.46875 0.234375
vt 0.46875 0.2734375
vt 0.005859375 0.4296875
vt 0.013671875 0.4296875
vt 0.009765625 0.46875
vt 0.005859375 0.4296875
vt 0.00390625 0.390625
vt 0.015625 0.390625
vt 0.013671875 0.4296875
vt 0.00390625 0.390625
vt 0.001953125 0.3515625
vt 0.017578125 0.3515625
vt 0.015625 0.390625
vt 0.001953125 0.3515625
vt 0 0.3125
vt 0.01953125 0.3125
vt 0.017578125 0.3515625
vt 0 0.3125
vt 0 0.2734375
vt 0.01953125 0.2734375
vt 0.01953125 0.3125
vt 0 0.2734375
vt 0 0.234375
vt 0.01953125 0.234375
vt 0.01953125 0.2734375
vt 0.025390625 0.4296875
vt 0.033203125 0.4296875
vt 0.029296875 0.46875
vt 0.025390625 0.4296875
vt 0.0234375 0.390625
vt 0.03515625 0.390625
vt 0.033203125 0.4296875
vt 0.0234375 0.390625
vt 0.021484375 0.3515625
vt 0.037109375 0.3515625
vt 0.03515625 0.390625
vt 0.021484375 0.3515625
vt 0.01953125 0.3125
vt 0.0390625 0.3125
vt 0.037109375 0.3515625
vt 0.01953125 0.3125
vt 0.01953125 0.2734375
vt 0.0390625 0.2734375
vt 0.0390625 0.3125
vt 0.01953125 0.2734375
vt 0.01953125 0.234375
vt 0.0390625 0.234375
vt 0.0390625 0.2734375
vt 0.044921875 0.4296875
vt 0.052734375 0.4296875
vt 0.048828125 0.46875
vt 0.044921875 0.4296875
vt 0.04296875 0.390625
vt 0.0546875 0.390625
vt 0.052734375 0.4296875
vt 0.04296875 0.390625
vt 0.041015625 0.3515625
vt 0.056640625 0.3515625
vt 0.0546875 0.390625
vt 0.041015625 0.3515625
vt 0.0390625 0.3125
vt 0.05859375 0.3125
vt 0.056640625 0.3515625
vt 0.0390625 0.3125
vt 0.0390625 0.2734375
vt 0.05859375 0.2734375
vt 0.05859375 0.3125
vt 0.0390625 0.2734375
vt 0.0390625 0.234375
vt 0.05859375 0.234375
vt 0.05859375 0.2734375
vt 0.064453125 0.4296875
vt 0.072265625 0.4296875
vt 0.068359375 0.46875
vt 0.064453125 0.4296875
vt 0.0625 0.390625
vt 0.07421875 0.390625
vt 0.072265625 0.4296875
vt 0.0625 0.390625
vt 0.060546875 0.3515625
vt 0.076171875 0.3515625
vt 0.07421875 0.390625
vt 0.060546875 0.3515625
vt 0.05859375 0.3125
vt 0.078125 0.3125
vt 0.076171875 0.3515625
vt 0.05859375 0.3125
vt 0.05859375 0.2734375
vt 0.078125 0.2734375
vt 0.078125 0.3125
vt 0.05859375 0.2734375
vt 0.05859375 0.234375
vt 0.078125 0.234375
vt 0.078125 0.2734375
vt 0.083984375 0.4296875
vt 0.091796875 0.4296875
vt 0.087890625 0.46875
vt 0.083984375 0.4296875
vt 0.08203125 0.390625
vt 0.09375 0.390625
vt 0.091796875 0.4296875
vt 0.08203125 0.390625
vt 0.080078125 0.3515625
vt 0.095703125 0.3515625
vt 0.09375 0.390625
vt 0.080078125 0.3515625
vt 0.078125 0.3125
vt 0.09765625 0.3125
vt 0.095703125 0.3515625
vt 0.078125 0.3125
vt 0.078125 0.2734375
vt 0.09765625 0.2734375
vt 0.09765625 0.3125
vt 0.078125 0.2734375
vt 0.078125 0.234375
vt 0.09765625 0.234375
vt 0.09765625 0.2734375
vt 0.103515625 0.4296875
vt 0.111328125 0.4296875
vt 0.107421875 0.46875
vt 0.103515625 0.4296875
vt 0.1015625 0.390625
vt 0.11328125 0.390625
vt 0.111328125 0.4296875
vt 0.1015625 0.390625
vt 0.099609375 0.3515625
vt 0.115234375 0.3515625
vt 0.11328125 0.390625
vt 0.099609375 0.3515625
vt 0.09765625 0.3125
vt 0.1171875 0.3125
vt 0.115234375 0.3515625
vt 0.09765625 0.3125
vt 0.09765625 0.2734375
vt 0.1171875 0.2734375
vt 0.1171875 0.3125
vt 0.09765625 0.2734375
vt 0.09765625 0.234375
vt 0.1171875 0.234375
vt 0.1171875 0.2734375
vt 0.123046875 0.4296875
vt 0.130859375 0.4296875
vt 0.126953125 0.46875
vt 0.123046875 0.4296875
vt 0.12109375 0.390625
vt 0.1328125 0.390625
vt 0.130859375 0.4296875
vt 0.12109375 0.390625
vt 0.119140625 0.3515625
vt 0.134765625 0.3515625
vt 0.1328125 0.390625
vt 0.119140625 0.3515625
vt 0.1171875 0.3125
vt 0.13671875 0.3125
vt 0.134765625 0.3515625
vt 0.1171875 0.3125
vt 0.1171875 0.2734375
vt 0.13671875 0.2734375
vt 0.13671875 0.3125
vt 0.1171875 0.2734375
vt 0.1171875 0.234375
vt 0.13671875 0.234375
vt 0.13671875 0.2734375
vt 0.142578125 0.4296875
vt 0.150390625 0.4296875
vt 0.146484375 0.46875
vt 0.142578125 0.4296875
vt 0.140625 0.390625
vt 0.15234375 0.390625
vt 0.150390625 0.4296875
vt 0.140625 0.390625
vt 0.138671875 0.3515625
vt 0.154296875 0.3515625
vt 0.15234375 0.390625
vt 0.138671875 0.3515625
vt 0.13671875 0.3125
vt 0.15625 0.3125
vt 0.154296875 0.3515625
vt 0.13671875 0.3125
vt 0.13671875 0.2734375
vt 0.15625 0.2734375
vt 0.15625 0.3125
vt 0.13671875 0.2734375
vt 0.13671875 0.234375
vt 0.15625 0.234375
vt 0.15625 0.2734375
vt 0.162109375 0.4296875
vt 0.169921875 0.4296875
vt 0.166015625 0.46875
vt 0.162109375 0.4296875
vt 0.16015625 0.390625
vt 0.171875 0.390625
vt 0.169921875 0.4296875
vt 0.16015625 0.390625
vt 0.158203125 0.3515625
vt 0.173828125 0.3515625
vt 0.171875 0.390625
vt 0.158203125 0.3515625
vt 0.15625 0.3125
vt 0.17578125 0.3125
vt 0.173828125 0.3515625
vt 0.15625 0.3125
vt 0.15625 0.2734375
vt 0.17578125 0.2734375
vt 0.17578125 0.3125
vt 0.15625 0.2734375
vt 0.15625 0.234375
vt 0.17578125 0.234375
vt 0.17578125 0.2734375
vt 0.181640625 0.4296875
vt 0.189453125 0.4296875
vt 0.185546875 0.46875
vt 0.181640625 0.4296875
vt 0.1796875 0.390625
vt 0.19140625 0.390625
vt 0.189453125 0.4296875
vt 0.1796875 0.390625
vt 0.177734375 0.3515625
vt 0.193359375 0.3515625
vt 0.19140625 0.390625
vt 0.177734375 0.3515625
vt 0.17578125 0.3125
vt 0.1953125 0.3125
vt 0.193359375 0.3515625
vt 0.17578125 0.3125
vt 0.17578125 0.2734375
vt 0.1953125 0.2734375
vt 0.1953125 0.3125
vt 0.17578125 0.2734375
vt 0.17578125 0.234375
vt 0.1953125 0.234375
vt 0.1953125 0.2734375
vt 0.201171875 0.4296875
vt 0.208984375 0.4296875
vt 0.205078125 0.46875
vt 0.201171875 0.4296875
vt 0.19921875 0.390625
vt 0.2109375 0.390625
vt 0.208984375 0.4296875
vt 0.19921875 0.390625
vt 0.197265625 0.3515625
vt 0.212890625 0.3515625
vt 0.2109375 0.390625
vt 0.197265625 0.3515625
vt 0.1953125 0.3125
vt 0.21484375 0.3125
vt 0.212890625 0.3515625
vt 0.1953125 0.3125
vt 0.1953125 0.2734375
vt 0.21484375 0.2734375
vt 0.21484375 0.3125
vt 0.1953125 0.2734375
vt 0.1953125 0.234375
vt 0.21484375 0.234375
vt 0.21484375 0.2734375
vt 0.220703125 0.4296875
vt 0.228515625 0.4296875
vt 0.224609375 0.46875
vt 0.220703125 0.4296875
vt 0.21875 0.390625
vt 0.23046875 0.390625
vt 0.228515625 0.4296875
vt 0.21875 0.390625
vt 0.216796875 0.3515625
vt 0.232421875 0.3515625
vt 0.23046875 0.390625
vt 0.216796875 0.3515625
vt 0.21484375 0.3125
vt 0.234375 0.3125
vt 0.232421875 0.3515625
vt 0.21484375 0.3125
vt 0.21484375 0.2734375
vt 0.234375 0.2734375
vt 0.234375 0.3125
vt 0.21484375 0.2734375
vt 0.21484375 0.234375
vt 0.234375 0.234375
vt 0.234375 0.2734375
vt 0.240234375 0.4296875
vt 0.248046875 0.4296875
vt 0.244140625 0.46875
vt 0.240234375 0.4296875
vt 0.23828125 0.390625
vt 0.25 0.390625
vt 0.248046875 0.4296875
vt 0.23828125 0.390625
vt 0.236328125 0.3515625
vt 0.251953125 0.3515625
vt 0.25 0.390625
vt 0.236328125 0.3515625
vt 0.234375 0.3125
vt 0.25390625 0.3125
vt 0.251953125 0.3515625
vt 0.234375 0.3125
vt 0.234375 0.2734375
vt 0.25390625 0.2734375
vt 0.25390625 0.3125
vt 0.234375 0.2734375
vt 0.234375 0.234375
vt 0.25390625 0.234375
vt 0.25390625 0.2734375
vt 0.228515625 0.1953125
vt 0.220703125 0.1953125
vt 0.224609375 0.234375
vt 0.23046875 0.15625
vt 0.21875 0.15625
vt 0.220703125 0.1953125
vt 0.228515625 0.1953125
vt 0.232421875 0.1171875
vt 0.216796875 0.1171875
vt 0.21875 0.15625
vt 0.23046875 0.15625
vt 0.234375 0.078125
vt 0.21484375 0.078125
vt 0.216796875 0.1171875
vt 0.232421875 0.1171875
vt 0.234375 0.0390625
vt 0.21484375 0.0390625
vt 0.21484375 0.078125
vt 0.234375 0.078125
vt 0.234375 0
vt 0.21484375 0
vt 0.21484375 0.0390625
vt 0.234375 0.0390625
vt 0.208984375 0.1953125
vt 0.201171875 0.1953125
vt 0.205078125 0.234375
vt 0.2109375 0.15625
vt 0.19921875 0.15625
vt 0.201171875 0.1953125
vt 0.208984375 0.1953125
vt 0.212890625 0.1171875
vt 0.197265625 0.1171875
vt 0.19921875 0.15625
vt 0.2109375 0.15625
vt 0.21484375 0.078125
vt 0.1953125 0.078125
vt 0.197265625 0.1171875
vt 0.212890625 0.1171875
vt 0.21484375 0.0390625
vt 0.1953125 0.0390625
vt 0.1953125 0.078125
vt 0.21484375 0.078125
vt 0.21484375 0
vt 0.1953125 0
vt 0.1953125 0.0390625
vt 0.21484375 0.0390625
vt 0.189453125 0.1953125
vt 0.181640625 0.1953125
vt 0.185546875 0.234375
vt 0.19140625 0.15625
vt 0.1796875 0.15625
vt 0.181640625 0.1953125
vt 0.189453125 0.1953125
vt 0.193359375 0.1171875
vt 0.177734375 0.1171875
vt 0.1796875 0.15625
vt 0.19140625 0.15625
vt 0.1953125 0.078125
vt 0.17578125 0.078125
vt 0.177734375 0.1171875
vt 0.193359375 0.1171875
vt 0.1953125 0.0390625
vt 0.17578125 0.0390625
vt 0.17578125 0.078125
vt 0.1953125 0.078125
vt 0.1953125 0
vt 0.17578125 0
vt 0.17578125 0.0390625
vt 0.1953125 0.0390625
vt 0.169921875 0.1953125
vt 0.162109375 0.1953125
vt 0.166015625 0.234375
vt 0.171875 0.15625
vt 0.16015625 0.15625
vt 0.162109375 0.1953125
vt 0.169921875 0.1953125
vt 0.173828125 0.1171875
vt 0.158203125 0.1171875
vt 0.16015625 0.15625
vt 0.171875 0.15625
vt 0.17578125 0.078125
vt 0.15625 0.078125
vt 0.158203125 0.1171875
vt 0.173828125 0.1171875
vt 0.17578125 0.0390625
vt 0.15625 0.0390625
vt 0.15625 0.078125
vt 0.17578125 0.078125
vt 0.17578125 0
vt 0.15625 0
vt 0.15625 0.0390625
vt 0.17578125 0.0390625
vt 0.150390625 0.1953125
vt 0.142578125 0.1953125
vt 0.146484375 0.234375
vt 0.15234375 0.15625
vt 0.140625 0.15625
vt 0.142578125 0.1953125
vt 0.150390625 0.1953125
vt 0.154296875 0.1171875
vt 0.138671875 0.1171875
vt 0.140625 0.15625
vt 0.15234375 0.15625
vt 0.15625 0.078125
vt 0.13671875 0.078125
vt 0.138671875 0.1171875
vt 0.154296875 0.1171875
vt 0.15625 0.0390625
vt 0.13671875 0.0390625
vt 0.13671875 0.078125
vt 0.15625 0.078125
vt 0.15625 0
vt 0.13671875 0
vt 0.13671875 0.0390625
vt 0.15625 0.0390625
vt 0.130859375 0.1953125
vt 0.123046875 0.1953125
vt 0.126953125 0.234375
vt 0.1328125 0.15625
vt 0.12109375 0.15625
vt 0.123046875 0.1953125
vt 0.130859375 0.1953125
vt 0.134765625 0.1171875
vt 0.119140625 0.1171875
vt 0.12109375 0.15625
vt 0.1328125 0.15625
vt 0.13671875 0.078125
vt 0.1171875 0.078125
vt 0.119140625 0.1171875
vt 0.134765625 0.1171875
vt 0.13671875 0.0390625
vt 0.1171875 0.0390625
vt 0.1171875 0.078125
vt 0.13671875 0.078125
vt 0.13671875 0
vt 0.1171875 0
vt 0.1171875 0.0390625
vt 0.13671875 0.0390625
vt 0.111328125 0.1953125
vt 0.103515625 0.1953125
vt 0.107421875 0.234375
vt 0.11328125 0.15625
vt 0.1015625 0.15625
vt 0.103515625 0.1953125
vt 0.111328125 0.1953125
vt 0.115234375 0.1171875
vt 0.099609375 0.1171875
vt 0.1015625 0.15625
vt 0.11328125 0.15625
vt 0.1171875 0.078125
vt 0.09765625 0.078125
vt 0.099609375 0.1171875
vt 0.115234375 0.1171875
vt 0.1171875 0.0390625
vt 0.09765625 0.0390625
vt 0.09765625 0.078125
vt 0.1171875 0.078125
vt 0.1171875 0
vt 0.09765625 0
vt 0.09765625 0.0390625
vt 0.1171875 0.0390625
vt 0.091796875 0.1953125
vt 0.083984375 0.1953125
vt 0.087890625 0.234375
vt 0.09375 0.15625
vt 0.08203125 0.15625
vt 0.083984375 0.1953125
vt 0.091796875 0.1953125
vt 0.095703125 0.1171875
vt 0.080078125 0.1171875
vt 0.08203125 0.15625
vt 0.09375 0.15625
vt 0.09765625 0.078125
vt 0.078125 0.078125
vt 0.080078125 0.1171875
vt 0.095703125 0.1171875
vt 0.09765625 0.0390625
vt 0.078125 0.0390625
vt 0.078125 0.078125
vt 0.09765625 0.078125
vt 0.09765625 0
vt 0.078125 0
vt 0.078125 0.0390625
vt 0.09765625 0.0390625
vt 0.072265625 0.1953125
vt 0.064453125 0.1953125
vt 0.068359375 0.234375
vt 0.07421875 0.15625
vt 0.0625 0.15625
vt 0.064453125 0.1953125
vt 0.072265625 0.1953125
vt 0.076171875 0.1171875
vt 0.060546875 0.1171875
vt 0.0625 0.15625
vt 0.07421875 0.15625
vt 0.078125 0.078125
vt 0.05859375 0.078125
vt 0.060546875 0.1171875
vt 0.076171875 0.1171875
vt 0.078125 0.0390625
vt 0.05859375 0.0390625
vt 0.05859375 0.078125
vt 0.078125 0.078125
vt 0.078125 0
vt 0.05859375 0
vt 0.05859375 0.0390625
vt 0.078125 0.0390625
vt 0.052734375 0.1953125
vt 0.044921875 0.1953125
vt 0.048828125 0.234375
vt 0.0546875 0.15625
vt 0.04296875 0.15625
vt 0.044921875 0.1953125
vt 0.052734375 0.1953125
vt 0.056640625 0.1171875
vt 0.041015625 0.1171875
vt 0.04296875 0.15625
vt 0.0546875 0.15625
vt 0.05859375 0.078125
vt 0.0390625 0.078125
vt 0.041015625 0.1171875
vt 0.056640625 0.1171875
vt 0.05859375 0.0390625
vt 0.0390625 0.0390625
vt 0.0390625 0.078125
vt 0.05859375 0.078125
vt 0.05859375 0
vt 0.0390625 0
vt 0.0390625 0.0390625
vt 0.05859375 0.0390625
vt 0.033203125 0.1953125
vt 0.025390625 0.1953125
vt 0.029296875 0.234375
vt 0.03515625 0.15625
vt 0.0234375 0.15625
vt 0.025390625 0.1953125
vt 0.033203125 0.1953125
vt 0.037109375 0.1171875
vt 0.021484375 0.1171875
vt 0.0234375 0.15625
vt 0.03515625 0.15625
vt 0.0390625 0.078125
vt 0.01953125 0.078125
vt 0.021484375 0.1171875
vt 0.037109375 0.1171875
vt 0.0390625 0.0390625
vt 0.01953125 0.0390625
vt 0.01953125 0.078125
vt 0.0390625 0.078125
vt 0.0390625 0
vt 0.01953125 0
vt 0.01953125 0.0390625
vt 0.0390625 0.0390625
vt 0.013671875 0.1953125
vt 0.005859375 0.1953125
vt 0.009765625 0.234375
vt 0.015625 0.15625
vt 0.00390625 0.15625
vt 0.005859375 0.1953125
vt 0.013671875 0.1953125
vt 0.017578125 0.1171875
vt 0.001953125 0.1171875
vt 0.00390625 0.15625
vt 0.015625 0.15625
vt 0.01953125 0.078125
vt 0 0.078125
vt 0.001953125 0.1171875
vt 0.017578125 0.1171875
vt 0.01953125 0.0390625
vt 0 0.0390625
vt 0 0.078125
vt 0.01953125 0.078125
vt 0.01953125 0
vt 0 0
vt 0 0.0390625
vt 0.01953125 0.0390625
vt 0.462890625 0.1953125
vt 0.455078125 0.1953125
vt 0.458984375 0.234375
vt 0.46484375 0.15625
vt 0.453125 0.15625
vt 0.455078125 0.1953125
vt 0.462890625 0.1953125
vt 0.466796875 0.1171875
vt 0.451171875 0.1171875
vt 0.453125 0.15625
vt 0.46484375 0.15625
vt 0.46875 0.078125
vt 0.44921875 0.078125
vt 0.451171875 0.1171875
vt 0.466796875 0.1171875
vt 0.46875 0.0390625
vt 0.44921875 0.0390625
vt 0.44921875 0.078125
vt 0.46875 0.078125
vt 0.46875 0
vt 0.44921875 0
vt 0.44921875 0.0390625
vt 0.46875 0.0390625
vt 0.443359375 0.1953125
vt 0.435546875 0.1953125
vt 0.439453125 0.234375
vt 0.4453125 0.15625
vt 0.43359375 0.15625
vt 0.435546875 0.1953125
vt 0.443359375 0.1953125
vt 0.447265625 0.1171875
vt 0.431640625 0.1171875
vt 0.43359375 0.15625
vt 0.4453125 0.15625
vt 0.44921875 0.078125
vt 0.4296875 0.078125
vt 0.431640625 0.1171875
vt 0.447265625 0.1171875
vt 0.44921875 0.0390625
vt 0.4296875 0.0390625
vt 0.4296875 0.078125
vt 0.44921875 0.078125
vt 0.44921875 0
vt 0.4296875 0
vt 0.4296875 0.0390625
vt 0.44921875 0.0390625
vt 0.423828125 0.1953125
vt 0.416015625 0.1953125
vt 0.419921875 0.234375
vt 0.42578125 0.15625
vt 0.4140625 0.15625
vt 0.416015625 0.1953125
vt 0.423828125 0.1953125
vt 0.427734375 0.1171875
vt 0.412109375 0.1171875
vt 0.4140625 0.15625
vt 0.42578125 0.15625
vt 0.4296875 0.078125
vt 0.41015625 0.078125
vt 0.412109375 0.1171875
vt 0.427734375 0.1171875
vt 0.4296875 0.0390625
vt 0.41015625 0.0390625
vt 0.41015625 0.078125
vt 0.4296875 0.078125
vt 0.4296875 0
vt 0.41015625 0
vt 0.41015625 0.0390625
vt 0.4296875 0.0390625
vt 0.404296875 0.1953125
vt 0.396484375 0.1953125
vt 0.400390625 0.234375
vt 0.40625 0.15625
vt 0.39453125 0.15625
vt 0.396484375 0.1953125
vt 0.404296875 0.1953125
vt 0.408203125 0.1171875
vt 0.392578125 0.1171875
vt 0.39453125 0.15625
vt 0.40625 0.15625
vt 0.41015625 0.078125
vt 0.390625 0.078125
vt 0.392578125 0.1171875
vt 0.408203125 0.1171875
vt 0.41015625 0.0390625
vt 0.390625 0.0390625
vt 0.390625 0.078125
vt 0.41015625 0.078125
vt 0.41015625 0
vt 0.390625 0
vt 0.390625 0.0390625
vt 0.41015625 0.0390625
vt 0.384765625 0.1953125
vt 0.376953125 0.1953125
vt 0.380859375 0.234375
vt 0.38671875 0.15625
vt 0.375 0.15625
vt 0.376953125 0.1953125
vt 0.384765625 0.1953125
vt 0.388671875 0.1171875
vt 0.373046875 0.1171875
vt 0.375 0.15625
vt 0.38671875 0.15625
vt 0.390625 0.078125
vt 0.37109375 0.078125
vt 0.373046875 0.1171875
vt 0.388671875 0.1171875
vt 0.390625 0.0390625
vt 0.37109375 0.0390625
vt 0.37109375 0.078125
vt 0.390625 0.078125
vt 0.390625 0
vt 0.37109375 0
vt 0.37109375 0.0390625
vt 0.390625 0.0390625
vt 0.365234375 0.1953125
vt 0.357421875 0.1953125
vt 0.361328125 0.234375
vt 0.3671875 0.15625
vt 0.35546875 0.15625
vt 0.357421875 0.1953125
vt 0.365234375 0.1953125
vt 0.369140625 0.1171875
vt 0.353515625 0.1171875
vt 0.35546875 0.15625
vt 0.3671875 0.15625
vt 0.37109375 0.078125
vt 0.3515625 0.078125
vt 0.353515625 0.1171875
vt 0.369140625 0.1171875
vt 0.37109375 0.0390625
vt 0.3515625 0.0390625
vt 0.3515625 0.078125
vt 0.37109375 0.078125
vt 0.37109375 0
vt 0.3515625 0
vt 0.3515625 0.0390625
vt 0.37109375 0.0390625
vt 0.345703125 0.1953125
vt 0.337890625 0.1953125
vt 0.341796875 0.234375
vt 0.34765625 0.15625
vt 0.3359375 0.15625
vt 0.337890625 0.1953125
vt 0.345703125 0.1953125
vt 0.349609375 0.1171875
vt 0.333984375 0.1171875
vt 0.3359375 0.15625
vt 0.34765625 0.15625
vt 0.3515625 0.078125
vt 0.33203125 0.078125
vt 0.333984375 0.1171875
vt 0.349609375 0.1171875
vt 0.3515625 0.0390625
vt 0.33203125 0.0390625
vt 0.33203125 0.078125
vt 0.3515625 0.078125
vt 0.3515625 0
vt 0.33203125 0
vt 0.33203125 0.0390625
vt 0.3515625 0.0390625
vt 0.326171875 0.1953125
vt 0.318359375 0.1953125
vt 0.322265625 0.234375
vt 0.328125 0.15625
vt 0.31640625 0.15625
vt 0.318359375 0.1953125
vt 0.326171875 0.1953125
vt 0.330078125 0.1171875
vt 0.314453125 0.1171875
vt 0.31640625 0.15625
vt 0.328125 0.15625
vt 0.33203125 0.078125
vt 0.3125 0.078125
vt 0.314453125 0.1171875
vt 0.330078125 0.1171875
vt 0.33203125 0.0390625
vt 0.3125 0.0390625
vt 0.3125 0.078125
vt 0.33203125 0.078125
vt 0.33203125 0
vt 0.3125 0
vt 0.3125 0.0390625
vt 0.33203125 0.0390625
vt 0.306640625 0.1953125
vt 0.298828125 0.1953125
vt 0.302734375 0.234375
vt 0.30859375 0.15625
vt 0.296875 0.15625
vt 0.298828125 0.1953125
vt 0.306640625 0.1953125
vt 0.310546875 0.1171875
vt 0.294921875 0.1171875
vt 0.296875 0.15625
vt 0.30859375 0.15625
vt 0.3125 0.078125
vt 0.29296875 0.078125
vt 0.294921875 0.1171875
vt 0.310546875 0.1171875
vt 0.3125 0.0390625
vt 0.29296875 0.0390625
vt 0.29296875 0.078125
vt 0.3125 0.078125
vt 0.3125 0
vt 0.29296875 0
vt 0.29296875 0.0390625
vt 0.3125 0.0390625
vt 0.287109375 0.1953125
vt 0.279296875 0.1953125
vt 0.283203125 0.234375
vt 0.2890625 0.15625
vt 0.27734375 0.15625
vt 0.279296875 0.1953125
vt 0.287109375 0.1953125
vt 0.291015625 0.1171875
vt 0.275390625 0.1171875
vt 0.27734375 0.15625
vt 0.2890625 0.15625
vt 0.29296875 0.078125
vt 0.2734375 0.078125
vt 0.275390625 0.1171875
vt 0.291015625 0.1171875
vt 0.29296875 0.0390625
vt 0.2734375 0.0390625
vt 0.2734375 0.078125
vt 0.29296875 0.078125
vt 0.29296875 0
vt 0.2734375 0
vt 0.2734375 0.0390625
vt 0.29296875 0.0390625
vt 0.267578125 0.1953125
vt 0.259765625 0.1953125
vt 0.263671875 0.234375
vt 0.26953125 0.15625
vt 0.2578125 0.15625
vt 0.259765625 0.1953125
vt 0.267578125 0.1953125
vt 0.271484375 0.1171875
vt 0.255859375 0.1171875
vt 0.2578125 0.15625
vt 0.26953125 0.15625
vt 0.2734375 0.078125
vt 0.25390625 0.078125
vt 0.255859375 0.1171875
vt 0.271484375 0.1171875
vt 0.2734375 0.0390625
vt 0.25390625 0.0390625
vt 0.25390625 0.078125
vt 0.2734375 0.078125
vt 0.2734375 0
vt 0.25390625 0
vt 0.25390625 0.0390625
vt 0.2734375 0.0390625
vt 0.248046875 0.1953125
vt 0.240234375 0.1953125
vt 0.244140625 0.234375
vt 0.25 0.15625
vt 0.23828125 0.15625
vt 0.240234375 0.1953125
vt 0.248046875 0.1953125
vt 0.251953125 0.1171875
vt 0.236328125 0.1171875
vt 0.23828125 0.15625
vt 0.25 0.15625
vt 0.25390625 0.078125
vt 0.234375 0.078125
vt 0.236328125 0.1171875
vt 0.251953125 0.1171875
vt 0.25390625 0.0390625
vt 0.234375 0.0390625
vt 0.234375 0.078125
vt 0.25390625 0.078125
vt 0.25390625 0
vt 0.234375 0
vt 0.234375 0.0390625
vt 0.25390625 0.0390625
vt 0 0.0078125
vt 0 0
vt 0.01953125 0
vt 0.01953125 0.0078125
vt 0.44921875 0.0078125
vt 0.4296875 0.0078125
vt 0.4296875 0
vt 0.44921875 0
vt 0.44921875 0
vt 0.46875 0
vt 0.46875 0.0078125
vt 0.44921875 0.0078125
vt 0.41015625 0
vt 0.4296875 0
vt 0.4296875 0.0078125
vt 0.41015625 0.0078125
vt 0.410172890625 0.007642226562500021
vt 0.3906423828125 0.007982500000000003
vt 0.390608359375 0.00017027343749997925
vt 0.4101388671875 0
vt 0.37109375 0.0078125
vt 0.37109375 0
vt 0.390625 0
vt 0.390625 0.0078125
vt 0.3515625 0.0078125
vt 0.3515625 0
vt 0.37109375 0
vt 0.37109375 0.0078125
vt 0.33203125 0.0078125
vt 0.33203125 0
vt 0.3515625 0
vt 0.3515625 0.0078125
vt 0.3125 0.0078125
vt 0.3125 0
vt 0.33203125 0
vt 0.33203125 0.0078125
vt 0.2734375 0.0078125
vt 0.2734375 0
vt 0.29296875 0
vt 0.29296875 0.0078125
vt 0.25390625 0.0078125
vt 0.25390625 0
vt 0.2734375 0
vt 0.2734375 0.0078125
vt 0.234375 0.0078125
vt 0.234375 0
vt 0.25390625 0
vt 0.25390625 0.0078125
vt 0.15625 0.0078125
vt 0.15625 0
vt 0.17578125 0
vt 0.17578125 0.0078125
vt 0.13671875 0.0078125
vt 0.13671875 0
vt 0.15625 0
vt 0.15625 0.0078125
vt 0.1171875 0.0078125
vt 0.1171875 0
vt 0.13671875 0
vt 0.13671875 0.0078125
vt 0.05859375 0
vt 0.05859375 0.0078125
vt 0.0390625 0.0078125
vt 0.0390625 0
vt 0.29296875 0.0078125
vt 0.29296875 0
vt 0.3125 0
vt 0.3125 0.0078125
vt 0.21484375 0.0078125
vt 0.21484375 0
vt 0.234375 0
vt 0.234375 0.0078125
vt 0.1953125 0.0078125
vt 0.1953125 0
vt 0.21484375 0
vt 0.21484375 0.0078125
vt 0.17578125 0.0078125
vt 0.17578125 0
vt 0.1953125 0
vt 0.1953125 0.0078125
vt 0.1171875 0
vt 0.1171875 0.0078125
vt 0.09765625 0.0078125
vt 0.09765625 0
vt 0.09765625 0
vt 0.09765625 0.0078125
vt 0.078125 0.0078125
vt 0.078125 0
vt 0.05859375 0.0078125
vt 0.05859375 0
vt 0.078125 0
vt 0.078125 0.0078125
vt 0.0390625 0
vt 0.0390625 0.0078125
vt 0.01953125 0.0078125
vt 0.01953125 0
vn 0 0.9999999999999999 2.3329232074673386e-18
vn 0.03351277704939194 0.9664775341227639 0.2545546499485317
vn 0.064843109679 0.8678756759584945 0.4925314022544591
vn 0.09189873934557337 0.710137935760603 0.6980392065639033
vn 0.11279495118550407 0.5032253124985007 0.8567622679879443
vn 0.12600541331526904 0.26090077438181536 0.9571067974589968
vn 0.09776705646622814 -0.6625436946673441 0.7426152808328648
vn 0.0982545226120193 0.9664775167765919 0.23720720552216973
vn 0.19011005320065547 0.8678756238142021 0.4589663051479417
vn 0.26943318519375536 0.7101379163549595 0.6504689834814448
vn 0.33069802787385355 0.5032254003929552 0.798375231805004
vn 0.36942928892077104 0.26090089334264577 0.8918815640770376
vn 0.2866385841579063 -0.662543694424468 0.6920073518759232
vn 0.15630029078775132 0.9664775180822814 0.20369444307878845
vn 0.30242125875120807 0.8678756875743426 0.3941232969169637
vn 0.42860618807710554 0.710137830644865 0.5585704942341815
vn 0.52606445989686 0.5032253594886313 0.6855803538615752
vn 0.5876772491606006 0.26090118913143656 0.7658759823423318
vn 0.4559764218150351 -0.6625435954225243 0.5942402602595619
vn 0.2036943850650187 0.9664775357850675 0.15630025692815552
vn 0.3941232263512695 0.8678757336775811 0.3024212184091361
vn 0.5585705657026648 0.7101377480722636 0.42860623174827883
vn 0.6855804026235259 0.5032252666557697 0.5260644851515769
vn 0.7658759467402446 0.260901344103296 0.5876772267578756
vn 0.5942403242050444 -0.6625435014783857 0.45597647498247534
vn 0.23720719230353612 0.9664775221553988 0.09825450161612924
vn 0.45896625588596773 0.8678756577407266 0.19011001725084747
vn 0.6504690465353903 0.7101378443183106 0.26943322283319715
vn 0.7983752335666017 0.5032253871355178 0.33069804379491347
vn 0.8918814901716103 0.26090118638775506 0.36942926038787116
vn 0.6920074549104107 -0.6625435693626717 0.2866386244813956
vn 0.25455469517409546 0.9664775217987832 0.03351278893953538
vn 0.4925314229001349 0.8678756637817712 0.06484311583598351
vn 0.698039196260825 0.710137946296533 0.09189873618980676
vn 0.8567622226176027 0.5032253920739316 0.1127949407880651
vn 0.957106761222235 0.26090091245505503 0.12600540267307336
vn 0.7426153082629787 -0.6625436635496562 0.09776705899064969
vn 0.2545546499485317 0.9664775341227639 -0.03351277704939194
vn 0.4925314022544591 0.8678756759584945 -0.064843109679
vn 0.6980392065639034 0.7101379357606032 -0.0918987393455734
vn 0.8567622679879443 0.5032253124985007 -0.11279495118550407
vn 0.9571067974589968 0.26090077438181536 -0.12600541331526904
vn 0.7426152808328648 -0.6625436946673441 -0.09776705646622814
vn 0.23720720552216973 0.9664775167765919 -0.09825452261201931
vn 0.4589663051479416 0.8678756238142021 -0.19011005320065544
vn 0.6504689834814448 0.7101379163549595 -0.26943318519375536
vn 0.798375231805004 0.5032254003929552 -0.33069802787385355
vn 0.8918815640770376 0.26090089334264577 -0.36942928892077104
vn 0.6920073518759232 -0.662543694424468 -0.2866385841579063
vn 0.20369444307878845 0.9664775180822814 -0.15630029078775132
vn 0.39412329691696363 0.8678756875743425 -0.302421258751208
vn 0.5585704942341815 0.710137830644865 -0.42860618807710554
vn 0.6855803538615751 0.5032253594886313 -0.52606445989686
vn 0.7658759823423318 0.26090118913143656 -0.5876772491606005
vn 0.5942402602595619 -0.6625435954225243 -0.4559764218150351
vn 0.15630025692815552 0.9664775357850675 -0.2036943850650187
vn 0.3024212184091361 0.8678757336775811 -0.3941232263512695
vn 0.42860623174827883 0.7101377480722636 -0.5585705657026648
vn 0.5260644851515769 0.5032252666557697 -0.6855804026235259
vn 0.5876772267578756 0.260901344103296 -0.7658759467402446
vn 0.4559764749824753 -0.6625435014783858 -0.5942403242050444
vn 0.09825450161612924 0.9664775221553988 -0.23720719230353612
vn 0.19011001725084747 0.8678756577407266 -0.45896625588596773
vn 0.26943322283319715 0.7101378443183106 -0.6504690465353903
vn 0.33069804379491347 0.5032253871355178 -0.7983752335666017
vn 0.36942926038787116 0.26090118638775506 -0.8918814901716103
vn 0.28663862448139554 -0.6625435693626717 -0.6920074549104107
vn 0.03351278893953538 0.9664775217987832 -0.25455469517409546
vn 0.06484311583598351 0.8678756637817712 -0.4925314229001349
vn 0.09189873618980676 0.710137946296533 -0.698039196260825
vn 0.1127949407880651 0.5032253920739316 -0.8567622226176027
vn 0.12600540267307336 0.26090091245505503 -0.957106761222235
vn 0.09776705899064969 -0.6625436635496562 -0.7426153082629787
vn -0.03351277704939194 0.9664775341227639 -0.2545546499485317
vn -0.064843109679 0.8678756759584945 -0.4925314022544591
vn -0.0918987393455734 0.7101379357606032 -0.6980392065639034
vn -0.11279495118550407 0.5032253124985007 -0.8567622679879443
vn -0.12600541331526904 0.26090077438181536 -0.9571067974589968
vn -0.09776705646622814 -0.6625436946673441 -0.7426152808328648
vn -0.0982545226120193 0.9664775167765919 -0.23720720552216973
vn -0.19011005320065547 0.8678756238142021 -0.4589663051479417
vn -0.26943318519375536 0.7101379163549595 -0.6504689834814448
vn -0.33069802787385355 0.5032254003929552 -0.798375231805004
vn -0.36942928892077104 0.26090089334264577 -0.8918815640770376
vn -0.2866385841579063 -0.662543694424468 -0.6920073518759232
vn -0.15630029078775132 0.9664775180822814 -0.20369444307878845
vn -0.30242125875120807 0.8678756875743426 -0.3941232969169637
vn -0.42860618807710554 0.710137830644865 -0.5585704942341815
vn -0.52606445989686 0.5032253594886313 -0.6855803538615752
vn -0.5876772491606006 0.26090118913143656 -0.7658759823423318
vn -0.4559764218150351 -0.6625435954225243 -0.5942402602595619
vn -0.2036943850650187 0.9664775357850675 -0.15630025692815552
vn -0.3941232263512695 0.8678757336775811 -0.3024212184091361
vn -0.5585705657026648 0.7101377480722636 -0.42860623174827883
vn -0.6855804026235259 0.5032252666557697 -0.5260644851515769
vn -0.7658759467402446 0.260901344103296 -0.5876772267578756
vn -0.5942403242050444 -0.6625435014783857 -0.45597647498247534
vn -0.23720719230353612 0.9664775221553988 -0.09825450161612924
vn -0.45896625588596773 0.8678756577407266 -0.19011001725084747
vn -0.6504690465353903 0.7101378443183106 -0.26943322283319715
vn -0.7983752335666017 0.5032253871355178 -0.33069804379491347
vn -0.8918814901716103 0.26090118638775506 -0.36942926038787116
vn -0.6920074549104107 -0.6625435693626717 -0.2866386244813956
vn -0.25455469517409546 0.9664775217987832 -0.03351278893953538
vn -0.4925314229001349 0.8678756637817712 -0.06484311583598351
vn -0.698039196260825 0.710137946296533 -0.09189873618980676
vn -0.8567622226176027 0.5032253920739316 -0.1127949407880651
vn -0.957106761222235 0.26090091245505503 -0.12600540267307336
vn -0.7426153082629787 -0.6625436635496562 -0.09776705899064969
vn -0.2545546499485317 0.9664775341227639 0.03351277704939194
vn -0.4925314022544591 0.8678756759584945 0.064843109679
vn -0.6980392065639034 0.7101379357606032 0.0918987393455734
vn -0.8567622679879443 0.5032253124985007 0.11279495118550407
vn -0.9571067974589968 0.26090077438181536 0.12600541331526904
vn -0.7426152808328648 -0.6625436946673441 0.09776705646622814
vn -0.23720720552216973 0.9664775167765919 0.09825452261201931
vn -0.4589663051479416 0.8678756238142021 0.19011005320065544
vn -0.6504689834814448 0.7101379163549595 0.26943318519375536
vn -0.798375231805004 0.5032254003929552 0.33069802787385355
vn -0.8918815640770376 0.26090089334264577 0.36942928892077104
vn -0.6920073518759232 -0.662543694424468 0.2866385841579063
vn -0.20369444307878845 0.9664775180822814 0.15630029078775132
vn -0.39412329691696363 0.8678756875743425 0.302421258751208
vn -0.5585704942341815 0.710137830644865 0.42860618807710554
vn -0.6855803538615751 0.5032253594886313 0.52606445989686
vn -0.7658759823423318 0.26090118913143656 0.5876772491606005
vn -0.5942402602595619 -0.6625435954225243 0.4559764218150351
vn -0.15630025692815552 0.9664775357850675 0.2036943850650187
vn -0.3024212184091361 0.8678757336775811 0.3941232263512695
vn -0.42860623174827883 0.7101377480722636 0.5585705657026648
vn -0.5260644851515769 0.5032252666557697 0.6855804026235259
vn -0.5876772267578756 0.260901344103296 0.7658759467402446
vn -0.4559764749824753 -0.6625435014783858 0.5942403242050444
vn -0.09825450161612924 0.9664775221553988 0.23720719230353612
vn -0.19011001725084747 0.8678756577407266 0.45896625588596773
vn -0.26943322283319715 0.7101378443183106 0.6504690465353903
vn -0.33069804379491347 0.5032253871355178 0.7983752335666017
vn -0.36942926038787116 0.26090118638775506 0.8918814901716103
vn -0.28663862448139554 -0.6625435693626717 0.6920074549104107
vn -0.03351278893953538 0.9664775217987832 0.25455469517409546
vn -0.06484311583598351 0.8678756637817712 0.4925314229001349
vn -0.09189873618980676 0.710137946296533 0.698039196260825
vn -0.1127949407880651 0.5032253920739316 0.8567622226176027
vn -0.12600540267307336 0.26090091245505503 0.957106761222235
vn -0.09776705899064969 -0.6625436635496562 0.7426153082629787
vn -5.832307879884576e-19 -1 1.1664615759769152e-18
vn -0.03351266520366322 -0.9664775558392846 -0.2545545822213172
vn -0.06484295678826017 -0.8678757934454656 -0.4925312153623964
vn -0.09189876043453372 -0.7101379227883051 -0.6980392169846245
vn -0.11279516157140565 -0.5032251167527959 -0.8567623552626572
vn -0.12600562857244782 -0.26090067386655585 -0.9571067965196149
vn -0.08564344472196324 -0.7546397167201212 -0.6505260166394049
vn -0.09825447271645707 -0.9664775483680568 -0.23720709747324456
vn -0.19011014615237284 -0.8678757664093554 -0.4589659970077274
vn -0.26943324286920406 -0.7101378005123888 -0.6504690860605221
vn -0.3306979104359178 -0.503225013823675 -0.7983755241084736
vn -0.3694292104595259 -0.26090071960540023 -0.8918816473998304
vn -0.25109354837556824 -0.7546396777342089 -0.6061938524542917
vn -0.15630039621662634 -0.9664775085053936 -0.2036944076201711
vn -0.302421497170028 -0.867875713571422 -0.39412305672509695
vn -0.4286061282707971 -0.7101378736464942 -0.558570485455106
vn -0.526064151974905 -0.5032252107802975 -0.685580699292249
vn -0.5876770454407124 -0.2609008940466314 -0.7658762391847284
vn -0.39943217734691394 -0.7546397151436498 -0.5205505124652308
vn -0.20369441619045175 -0.9664775058901862 -0.15630040121866698
vn -0.3941230248438032 -0.8678757346888999 -0.3024214781165076
vn -0.5585703561139593 -0.7101380214448618 -0.42860605195109114
vn -0.6855806087008268 -0.5032253870971429 -0.526064101373905
vn -0.7658762367804126 -0.26090090054305815 -0.5876770456899731
vn -0.5205505366393011 -0.7546396892496933 -0.3994321947635942
vn -0.23720718142005995 -0.966477525173579 -0.09825449820290615
vn -0.4589660072408356 -0.867875762663972 -0.19011013854561776
vn -0.6504690404914089 -0.710137860691958 -0.26943319426907186
vn -0.7983754544249317 -0.5032251586291899 -0.330697858315427
vn -0.8918816086676385 -0.26090086733399775 -0.369429199637485
vn -0.6061938608788127 -0.7546396692643681 -0.25109355349232604
vn -0.25455465774150565 -0.9664775352600172 -0.033512685058457344
vn -0.49253125755791594 -0.8678757685826088 -0.06484296905265766
vn -0.6980393033930582 -0.7101378351694925 -0.09189878116341342
vn -0.8567623726095827 -0.5032250852414589 -0.11279517039361635
vn -0.9571067595231071 -0.26090081509873614 -0.12600561716047498
vn -0.650525996849938 -0.7546397341442354 -0.0856434415067071
vn -0.25455458222131727 -0.9664775558392846 0.03351266520366322
vn -0.49253121536239636 -0.8678757934454656 0.06484295678826017
vn -0.6980392169846242 -0.7101379227883051 0.0918987604345337
vn -0.8567623552626572 -0.5032251167527959 0.11279516157140565
vn -0.9571067965196148 -0.26090067386655585 0.12600562857244782
vn -0.6505260166394049 -0.7546397167201212 0.08564344472196324
vn -0.23720709747324456 -0.9664775483680568 0.09825447271645707
vn -0.4589659970077274 -0.8678757664093554 0.19011014615237284
vn -0.6504690860605221 -0.7101378005123888 0.26943324286920406
vn -0.7983755241084736 -0.503225013823675 0.3306979104359178
vn -0.8918816473998304 -0.26090071960540023 0.3694292104595259
vn -0.6061938524542917 -0.7546396777342089 0.25109354837556824
vn -0.2036944076201711 -0.9664775085053936 0.15630039621662634
vn -0.3941230567250969 -0.8678757135714218 0.3024214971700279
vn -0.558570485455106 -0.7101378736464942 0.4286061282707971
vn -0.685580699292249 -0.5032252107802975 0.526064151974905
vn -0.7658762391847284 -0.2609008940466314 0.5876770454407124
vn -0.5205505124652309 -0.7546397151436499 0.399432177346914
vn -0.15630040121866698 -0.9664775058901862 0.20369441619045175
vn -0.3024214781165076 -0.8678757346888999 0.3941230248438032
vn -0.42860605195109114 -0.7101380214448617 0.5585703561139593
vn -0.526064101373905 -0.5032253870971429 0.6855806087008268
vn -0.5876770456899731 -0.26090090054305815 0.7658762367804126
vn -0.3994321947635942 -0.7546396892496933 0.5205505366393011
vn -0.09825449820290615 -0.966477525173579 0.23720718142005995
vn -0.19011013854561776 -0.8678757626639722 0.45896600724083564
vn -0.2694331942690719 -0.710137860691958 0.6504690404914089
vn -0.33069785831542686 -0.5032251586291899 0.7983754544249317
vn -0.369429199637485 -0.26090086733399775 0.8918816086676385
vn -0.25109355349232604 -0.7546396692643682 0.6061938608788128
vn -0.033512685058457344 -0.9664775352600172 0.25455465774150565
vn -0.06484296905265766 -0.8678757685826088 0.492531257557916
vn -0.0918987811634134 -0.7101378351694924 0.6980393033930581
vn -0.11279517039361635 -0.5032250852414589 0.8567623726095827
vn -0.12600561716047498 -0.26090081509873614 0.9571067595231071
vn -0.08564344150670708 -0.7546397341442352 0.6505259968499378
vn 0.03351266520366322 -0.9664775558392846 0.25455458222131727
vn 0.06484295678826017 -0.8678757934454656 0.49253121536239636
vn 0.0918987604345337 -0.7101379227883051 0.6980392169846242
vn 0.11279516157140565 -0.5032251167527959 0.8567623552626572
vn 0.12600562857244782 -0.26090067386655585 0.9571067965196148
vn 0.08564344472196324 -0.7546397167201212 0.6505260166394049
vn 0.09825447271645707 -0.9664775483680568 0.23720709747324456
vn 0.19011014615237284 -0.8678757664093554 0.4589659970077274
vn 0.26943324286920406 -0.7101378005123888 0.6504690860605221
vn 0.3306979104359178 -0.503225013823675 0.7983755241084736
vn 0.3694292104595259 -0.26090071960540023 0.8918816473998304
vn 0.25109354837556824 -0.7546396777342089 0.6061938524542917
vn 0.15630039621662634 -0.9664775085053936 0.2036944076201711
vn 0.302421497170028 -0.867875713571422 0.39412305672509695
vn 0.4286061282707971 -0.7101378736464942 0.558570485455106
vn 0.526064151974905 -0.5032252107802975 0.685580699292249
vn 0.5876770454407124 -0.2609008940466314 0.7658762391847284
vn 0.39943217734691394 -0.7546397151436498 0.5205505124652308
vn 0.20369441619045175 -0.9664775058901862 0.15630040121866698
vn 0.3941230248438032 -0.8678757346888999 0.3024214781165076
vn 0.5585703561139593 -0.7101380214448618 0.42860605195109114
vn 0.6855806087008268 -0.5032253870971429 0.526064101373905
vn 0.7658762367804126 -0.26090090054305815 0.5876770456899731
vn 0.5205505366393011 -0.7546396892496933 0.3994321947635942
vn 0.23720718142005995 -0.966477525173579 0.09825449820290615
vn 0.4589660072408356 -0.867875762663972 0.19011013854561776
vn 0.6504690404914089 -0.710137860691958 0.26943319426907186
vn 0.7983754544249317 -0.5032251586291899 0.330697858315427
vn 0.8918816086676385 -0.26090086733399775 0.369429199637485
vn 0.6061938608788127 -0.7546396692643681 0.25109355349232604
vn 0.25455465774150565 -0.9664775352600172 0.033512685058457344
vn 0.49253125755791594 -0.8678757685826088 0.06484296905265766
vn 0.6980393033930582 -0.7101378351694925 0.09189878116341342
vn 0.8567623726095827 -0.5032250852414589 0.11279517039361635
vn 0.9571067595231071 -0.26090081509873614 0.12600561716047498
vn 0.650525996849938 -0.7546397341442354 0.0856434415067071
vn 0.25455458222131727 -0.9664775558392846 -0.03351266520366322
vn 0.49253121536239636 -0.8678757934454656 -0.06484295678826017
vn 0.6980392169846242 -0.7101379227883051 -0.0918987604345337
vn 0.8567623552626572 -0.5032251167527959 -0.11279516157140565
vn 0.9571067965196148 -0.26090067386655585 -0.12600562857244782
vn 0.6505260166394049 -0.7546397167201212 -0.08564344472196324
vn 0.23720709747324456 -0.9664775483680568 -0.09825447271645707
vn 0.4589659970077274 -0.8678757664093554 -0.19011014615237284
vn 0.6504690860605221 -0.7101378005123888 -0.26943324286920406
vn 0.7983755241084736 -0.503225013823675 -0.3306979104359178
vn 0.8918816473998304 -0.26090071960540023 -0.3694292104595259
vn 0.6061938524542917 -0.7546396777342089 -0.25109354837556824
vn 0.2036944076201711 -0.9664775085053936 -0.15630039621662634
vn 0.3941230567250969 -0.8678757135714218 -0.3024214971700279
vn 0.558570485455106 -0.7101378736464942 -0.4286061282707971
vn 0.685580699292249 -0.5032252107802975 -0.526064151974905
vn 0.7658762391847284 -0.2609008940466314 -0.5876770454407124
vn 0.5205505124652309 -0.7546397151436499 -0.399432177346914
vn 0.15630040121866698 -0.9664775058901862 -0.20369441619045175
vn 0.3024214781165076 -0.8678757346888999 -0.3941230248438032
vn 0.42860605195109114 -0.7101380214448617 -0.5585703561139593
vn 0.526064101373905 -0.5032253870971429 -0.6855806087008268
vn 0.5876770456899731 -0.26090090054305815 -0.7658762367804126
vn 0.3994321947635942 -0.7546396892496933 -0.5205505366393011
vn 0.09825449820290615 -0.966477525173579 -0.23720718142005995
vn 0.19011013854561776 -0.8678757626639722 -0.45896600724083564
vn 0.2694331942690719 -0.710137860691958 -0.6504690404914089
vn 0.33069785831542686 -0.5032251586291899 -0.7983754544249317
vn 0.369429199637485 -0.26090086733399775 -0.8918816086676385
vn 0.25109355349232604 -0.7546396692643682 -0.6061938608788128
vn 0.033512685058457344 -0.9664775352600172 -0.25455465774150565
vn 0.06484296905265766 -0.8678757685826088 -0.492531257557916
vn 0.0918987811634134 -0.7101378351694924 -0.6980393033930581
vn 0.11279517039361635 -0.5032250852414589 -0.8567623726095827
vn 0.12600561716047498 -0.26090081509873614 -0.9571067595231071
vn 0.08564344150670708 -0.7546397341442352 -0.6505259968499378
usemtl m_4c953612-a22d-48b4-f110-7090be231412
f 2/1/2 8/2/8 1/3/1
f 2/4/2 3/5/3 9/6/9
f 2/4/2 9/6/9 8/7/8
f 3/8/3 4/9/4 10/10/10
f 3/8/3 10/10/10 9/11/9
f 4/12/4 5/13/5 11/14/11
f 4/12/4 11/14/11 10/15/10
f 5/16/5 6/17/6 12/18/12
f 5/16/5 12/18/12 11/19/11
f 6/20/6 7/21/7 13/22/13
f 6/20/6 13/22/13 12/23/12
f 8/24/8 14/25/14 1/26/1
f 8/27/8 9/28/9 15/29/15
f 8/27/8 15/29/15 14/30/14
f 9/31/9 10/32/10 16/33/16
f 9/31/9 16/33/16 15/34/15
f 10/35/10 11/36/11 17/37/17
f 10/35/10 17/37/17 16/38/16
f 11/39/11 12/40/12 18/41/18
f 11/39/11 18/41/18 17/42/17
f 12/43/12 13/44/13 19/45/19
f 12/43/12 19/45/19 18/46/18
f 14/47/14 20/48/20 1/49/1
f 14/50/14 15/51/15 21/52/21
f 14/50/14 21/52/21 20/53/20
f 15/54/15 16/55/16 22/56/22
f 15/54/15 22/56/22 21/57/21
f 16/58/16 17/59/17 23/60/23
f 16/58/16 23/60/23 22/61/22
f 17/62/17 18/63/18 24/64/24
f 17/62/17 24/64/24 23/65/23
f 18/66/18 19/67/19 25/68/25
f 18/66/18 25/68/25 24/69/24
f 20/70/20 26/71/26 1/72/1
f 20/73/20 21/74/21 27/75/27
f 20/73/20 27/75/27 26/76/26
f 21/77/21 22/78/22 28/79/28
f 21/77/21 28/79/28 27/80/27
f 22/81/22 23/82/23 29/83/29
f 22/81/22 29/83/29 28/84/28
f 23/85/23 24/86/24 30/87/30
f 23/85/23 30/87/30 29/88/29
f 24/89/24 25/90/25 31/91/31
f 24/89/24 31/91/31 30/92/30
f 26/93/26 32/94/32 1/95/1
f 26/96/26 27/97/27 33/98/33
f 26/96/26 33/98/33 32/99/32
f 27/100/27 28/101/28 34/102/34
f 27/100/27 34/102/34 33/103/33
f 28/104/28 29/105/29 35/106/35
f 28/104/28 35/106/35 34/107/34
f 29/108/29 30/109/30 36/110/36
f 29/108/29 36/110/36 35/111/35
f 30/112/30 31/113/31 37/114/37
f 30/112/30 37/114/37 36/115/36
f 32/116/32 38/117/38 1/118/1
f 32/119/32 33/120/33 39/121/39
f 32/119/32 39/121/39 38/122/38
f 33/123/33 34/124/34 40/125/40
f 33/123/33 40/125/40 39/126/39
f 34/127/34 35/128/35 41/129/41
f 34/127/34 41/129/41 40/130/40
f 35/131/35 36/132/36 42/133/42
f 35/131/35 42/133/42 41/134/41
f 36/135/36 37/136/37 43/137/43
f 36/135/36 43/137/43 42/138/42
f 38/139/38 44/140/44 1/141/1
f 38/142/38 39/143/39 45/144/45
f 38/142/38 45/144/45 44/145/44
f 39/146/39 40/147/40 46/148/46
f 39/146/39 46/148/46 45/149/45
f 40/150/40 41/151/41 47/152/47
f 40/150/40 47/152/47 46/153/46
f 41/154/41 42/155/42 48/156/48
f 41/154/41 48/156/48 47/157/47
f 42/158/42 43/159/43 49/160/49
f 42/158/42 49/160/49 48/161/48
f 44/162/44 50/163/50 1/164/1
f 44/165/44 45/166/45 51/167/51
f 44/165/44 51/167/51 50/168/50
f 45/169/45 46/170/46 52/171/52
f 45/169/45 52/171/52 51/172/51
f 46/173/46 47/174/47 53/175/53
f 46/173/46 53/175/53 52/176/52
f 47/177/47 48/178/48 54/179/54
f 47/177/47 54/179/54 53/180/53
f 48/181/48 49/182/49 55/183/55
f 48/181/48 55/183/55 54/184/54
f 50/185/50 56/186/56 1/187/1
f 50/188/50 51/189/51 57/190/57
f 50/188/50 57/190/57 56/191/56
f 51/192/51 52/193/52 58/194/58
f 51/192/51 58/194/58 57/195/57
f 52/196/52 53/197/53 59/198/59
f 52/196/52 59/198/59 58/199/58
f 53/200/53 54/201/54 60/202/60
f 53/200/53 60/202/60 59/203/59
f 54/204/54 55/205/55 61/206/61
f 54/204/54 61/206/61 60/207/60
f 56/208/56 62/209/62 1/210/1
f 56/211/56 57/212/57 63/213/63
f 56/211/56 63/213/63 62/214/62
f 57/215/57 58/216/58 64/217/64
f 57/215/57 64/217/64 63/218/63
f 58/219/58 59/220/59 65/221/65
f 58/219/58 65/221/65 64/222/64
f 59/223/59 60/224/60 66/225/66
f 59/223/59 66/225/66 65/226/65
f 60/227/60 61/228/61 67/229/67
f 60/227/60 67/229/67 66/230/66
f 62/231/62 68/232/68 1/233/1
f 62/234/62 63/235/63 69/236/69
f 62/234/62 69/236/69 68/237/68
f 63/238/63 64/239/64 70/240/70
f 63/238/63 70/240/70 69/241/69
f 64/242/64 65/243/65 71/244/71
f 64/242/64 71/244/71 70/245/70
f 65/246/65 66/247/66 72/248/72
f 65/246/65 72/248/72 71/249/71
f 66/250/66 67/251/67 73/252/73
f 66/250/66 73/252/73 72/253/72
f 68/254/68 74/255/74 1/256/1
f 68/257/68 69/258/69 75/259/75
f 68/257/68 75/259/75 74/260/74
f 69/261/69 70/262/70 76/263/76
f 69/261/69 76/263/76 75/264/75
f 70/265/70 71/266/71 77/267/77
f 70/265/70 77/267/77 76/268/76
f 71/269/71 72/270/72 78/271/78
f 71/269/71 78/271/78 77/272/77
f 72/273/72 73/274/73 79/275/79
f 72/273/72 79/275/79 78/276/78
f 74/277/74 80/278/80 1/279/1
f 74/280/74 75/281/75 81/282/81
f 74/280/74 81/282/81 80/283/80
f 75/284/75 76/285/76 82/286/82
f 75/284/75 82/286/82 81/287/81
f 76/288/76 77/289/77 83/290/83
f 76/288/76 83/290/83 82/291/82
f 77/292/77 78/293/78 84/294/84
f 77/292/77 84/294/84 83/295/83
f 78/296/78 79/297/79 85/298/85
f 78/296/78 85/298/85 84/299/84
f 80/300/80 86/301/86 1/302/1
f 80/303/80 81/304/81 87/305/87
f 80/303/80 87/305/87 86/306/86
f 81/307/81 82/308/82 88/309/88
f 81/307/81 88/309/88 87/310/87
f 82/311/82 83/312/83 89/313/89
f 82/311/82 89/313/89 88/314/88
f 83/315/83 84/316/84 90/317/90
f 83/315/83 90/317/90 89/318/89
f 84/319/84 85/320/85 91/321/91
f 84/319/84 91/321/91 90/322/90
f 86/323/86 92/324/92 1/325/1
f 86/326/86 87/327/87 93/328/93
f 86/326/86 93/328/93 92/329/92
f 87/330/87 88/331/88 94/332/94
f 87/330/87 94/332/94 93/333/93
f 88/334/88 89/335/89 95/336/95
f 88/334/88 95/336/95 94/337/94
f 89/338/89 90/339/90 96/340/96
f 89/338/89 96/340/96 95/341/95
f 90/342/90 91/343/91 97/344/97
f 90/342/90 97/344/97 96/345/96
f 92/346/92 98/347/98 1/348/1
f 92/349/92 93/350/93 99/351/99
f 92/349/92 99/351/99 98/352/98
f 93/353/93 94/354/94 100/355/100
f 93/353/93 100/355/100 99/356/99
f 94/357/94 95/358/95 101/359/101
f 94/357/94 101/359/101 100/360/100
f 95/361/95 96/362/96 102/363/102
f 95/361/95 102/363/102 101/364/101
f 96/365/96 97/366/97 103/367/103
f 96/365/96 103/367/103 102/368/102
f 98/369/98 104/370/104 1/371/1
f 98/372/98 99/373/99 105/374/105
f 98/372/98 105/374/105 104/375/104
f 99/376/99 100/377/100 106/378/106
f 99/376/99 106/378/106 105/379/105
f 100/380/100 101/381/101 107/382/107
f 100/380/100 107/382/107 106/383/106
f 101/384/101 102/385/102 108/386/108
f 101/384/101 108/386/108 107/387/107
f 102/388/102 103/389/103 109/390/109
f 102/388/102 109/390/109 108/391/108
f 104/392/104 110/393/110 1/394/1
f 104/395/104 105/396/105 111/397/111
f 104/395/104 111/397/111 110/398/110
f 105/399/105 106/400/106 112/401/112
f 105/399/105 112/401/112 111/402/111
f 106/403/106 107/404/107 113/405/113
f 106/403/106 113/405/113 112/406/112
f 107/407/107 108/408/108 114/409/114
f 107/407/107 114/409/114 113/410/113
f 108/411/108 109/412/109 115/413/115
f 108/411/108 115/413/115 114/414/114
f 110/415/110 116/416/116 1/417/1
f 110/418/110 111/419/111 117/420/117
f 110/418/110 117/420/117 116/421/116
f 111/422/111 112/423/112 118/424/118
f 111/422/111 118/424/118 117/425/117
f 112/426/112 113/427/113 119/428/119
f 112/426/112 119/428/119 118/429/118
f 113/430/113 114/431/114 120/432/120
f 113/430/113 120/432/120 119/433/119
f 114/434/114 115/435/115 121/436/121
f 114/434/114 121/436/121 120/437/120
f 116/438/116 122/439/122 1/440/1
f 116/441/116 117/442/117 123/443/123
f 116/441/116 123/443/123 122/444/122
f 117/445/117 118/446/118 124/447/124
f 117/445/117 124/447/124 123/448/123
f 118/449/118 119/450/119 125/451/125
f 118/449/118 125/451/125 124/452/124
f 119/453/119 120/454/120 126/455/126
f 119/453/119 126/455/126 125/456/125
f 120/457/120 121/458/121 127/459/127
f 120/457/120 127/459/127 126/460/126
f 122/461/122 128/462/128 1/463/1
f 122/464/122 123/465/123 129/466/129
f 122/464/122 129/466/129 128/467/128
f 123/468/123 124/469/124 130/470/130
f 123/468/123 130/470/130 129/471/129
f 124/472/124 125/473/125 131/474/131
f 124/472/124 131/474/131 130/475/130
f 125/476/125 126/477/126 132/478/132
f 125/476/125 132/478/132 131/479/131
f 126/480/126 127/481/127 133/482/133
f 126/480/126 133/482/133 132/483/132
f 128/484/128 134/485/134 1/486/1
f 128/487/128 129/488/129 135/489/135
f 128/487/128 135/489/135 134/490/134
f 129/491/129 130/492/130 136/493/136
f 129/491/129 136/493/136 135/494/135
f 130/495/130 131/496/131 137/497/137
f 130/495/130 137/497/137 136/498/136
f 131/499/131 132/500/132 138/501/138
f 131/499/131 138/501/138 137/502/137
f 132/503/132 133/504/133 139/505/139
f 132/503/132 139/505/139 138/506/138
f 134/507/134 140/508/140 1/509/1
f 134/510/134 135/511/135 141/512/141
f 134/510/134 141/512/141 140/513/140
f 135/514/135 136/515/136 142/516/142
f 135/514/135 142/516/142 141/517/141
f 136/518/136 137/519/137 143/520/143
f 136/518/136 143/520/143 142/521/142
f 137/522/137 138/523/138 144/524/144
f 137/522/137 144/524/144 143/525/143
f 138/526/138 139/527/139 145/528/145
f 138/526/138 145/528/145 144/529/144
f 140/530/140 2/531/2 1/532/1
f 140/533/140 141/534/141 3/535/3
f 140/533/140 3/535/3 2/536/2
f 141/537/141 142/538/142 4/539/4
f 141/537/141 4/539/4 3/540/3
f 142/541/142 143/542/143 5/543/5
f 142/541/142 5/543/5 4/544/4
f 143/545/143 144/546/144 6/547/6
f 143/545/143 6/547/6 5/548/5
f 144/549/144 145/550/145 7/551/7
f 144/549/144 7/551/7 6/552/6
f 153/553/153 147/554/147 146/555/146
f 154/556/154 148/557/148 147/558/147
f 154/556/154 147/558/147 153/559/153
f 155/560/155 149/561/149 148/562/148
f 155/560/155 148/562/148 154/563/154
f 156/564/156 150/565/150 149/566/149
f 156/564/156 149/566/149 155/567/155
f 157/568/157 151/569/151 150/570/150
f 157/568/157 150/570/150 156/571/156
f 158/572/158 152/573/152 151/574/151
f 158/572/158 151/574/151 157/575/157
f 159/576/159 153/577/153 146/578/146
f 160/579/160 154/580/154 153/581/153
f 160/579/160 153/581/153 159/582/159
f 161/583/161 155/584/155 154/585/154
f 161/583/161 154/585/154 160/586/160
f 162/587/162 156/588/156 155/589/155
f 162/587/162 155/589/155 161/590/161
f 163/591/163 157/592/157 156/593/156
f 163/591/163 156/593/156 162/594/162
f 164/595/164 158/596/158 157/597/157
f 164/595/164 157/597/157 163/598/163
f 165/599/165 159/600/159 146/601/146
f 166/602/166 160/603/160 159/604/159
f 166/602/166 159/604/159 165/605/165
f 167/606/167 161/607/161 160/608/160
f 167/606/167 160/608/160 166/609/166
f 168/610/168 162/611/162 161/612/161
f 168/610/168 161/612/161 167/613/167
f 169/614/169 163/615/163 162/616/162
f 169/614/169 162/616/162 168/617/168
f 170/618/170 164/619/164 163/620/163
f 170/618/170 163/620/163 169/621/169
f 171/622/171 165/623/165 146/624/146
f 172/625/172 166/626/166 165/627/165
f 172/625/172 165/627/165 171/628/171
f 173/629/173 167/630/167 166/631/166
f 173/629/173 166/631/166 172/632/172
f 174/633/174 168/634/168 167/635/167
f 174/633/174 167/635/167 173/636/173
f 175/637/175 169/638/169 168/639/168
f 175/637/175 168/639/168 174/640/174
f 176/641/176 170/642/170 169/643/169
f 176/641/176 169/643/169 175/644/175
f 177/645/177 171/646/171 146/647/146
f 178/648/178 172/649/172 171/650/171
f 178/648/178 171/650/171 177/651/177
f 179/652/179 173/653/173 172/654/172
f 179/652/179 172/654/172 178/655/178
f 180/656/180 174/657/174 173/658/173
f 180/656/180 173/658/173 179/659/179
f 181/660/181 175/661/175 174/662/174
f 181/660/181 174/662/174 180/663/180
f 182/664/182 176/665/176 175/666/175
f 182/664/182 175/666/175 181/667/181
f 183/668/183 177/669/177 146/670/146
f 184/671/184 178/672/178 177/673/177
f 184/671/184 177/673/177 183/674/183
f 185/675/185 179/676/179 178/677/178
f 185/675/185 178/677/178 184/678/184
f 186/679/186 180/680/180 179/681/179
f 186/679/186 179/681/179 185/682/185
f 187/683/187 181/684/181 180/685/180
f 187/683/187 180/685/180 186/686/186
f 188/687/188 182/688/182 181/689/181
f 188/687/188 181/689/181 187/690/187
f 189/691/189 183/692/183 146/693/146
f 190/694/190 184/695/184 183/696/183
f 190/694/190 183/696/183 189/697/189
f 191/698/191 185/699/185 184/700/184
f 191/698/191 184/700/184 190/701/190
f 192/702/192 186/703/186 185/704/185
f 192/702/192 185/704/185 191/705/191
f 193/706/193 187/707/187 186/708/186
f 193/706/193 186/708/186 192/709/192
f 194/710/194 188/711/188 187/712/187
f 194/710/194 187/712/187 193/713/193
f 195/714/195 189/715/189 146/716/146
f 196/717/196 190/718/190 189/719/189
f 196/717/196 189/719/189 195/720/195
f 197/721/197 191/722/191 190/723/190
f 197/721/197 190/723/190 196/724/196
f 198/725/198 192/726/192 191/727/191
f 198/725/198 191/727/191 197/728/197
f 199/729/199 193/730/193 192/731/192
f 199/729/199 192/731/192 198/732/198
f 200/733/200 194/734/194 193/735/193
f 200/733/200 193/735/193 199/736/199
f 201/737/201 195/738/195 146/739/146
f 202/740/202 196/741/196 195/742/195
f 202/740/202 195/742/195 201/743/201
f 203/744/203 197/745/197 196/746/196
f 203/744/203 196/746/196 202/747/202
f 204/748/204 198/749/198 197/750/197
f 204/748/204 197/750/197 203/751/203
f 205/752/205 199/753/199 198/754/198
f 205/752/205 198/754/198 204/755/204
f 206/756/206 200/757/200 199/758/199
f 206/756/206 199/758/199 205/759/205
f 207/760/207 201/761/201 146/762/146
f 208/763/208 202/764/202 201/765/201
f 208/763/208 201/765/201 207/766/207
f 209/767/209 203/768/203 202/769/202
f 209/767/209 202/769/202 208/770/208
f 210/771/210 204/772/204 203/773/203
f 210/771/210 203/773/203 209/774/209
f 211/775/211 205/776/205 204/777/204
f 211/775/211 204/777/204 210/778/210
f 212/779/212 206/780/206 205/781/205
f 212/779/212 205/781/205 211/782/211
f 213/783/213 207/784/207 146/785/146
f 214/786/214 208/787/208 207/788/207
f 214/786/214 207/788/207 213/789/213
f 215/790/215 209/791/209 208/792/208
f 215/790/215 208/792/208 214/793/214
f 216/794/216 210/795/210 209/796/209
f 216/794/216 209/796/209 215/797/215
f 217/798/217 211/799/211 210/800/210
f 217/798/217 210/800/210 216/801/216
f 218/802/218 212/803/212 211/804/211
f 218/802/218 211/804/211 217/805/217
f 219/806/219 213/807/213 146/808/146
f 220/809/220 214/810/214 213/811/213
f 220/809/220 213/811/213 219/812/219
f 221/813/221 215/814/215 214/815/214
f 221/813/221 214/815/214 220/816/220
f 222/817/222 216/818/216 215/819/215
f 222/817/222 215/819/215 221/820/221
f 223/821/223 217/822/217 216/823/216
f 223/821/223 216/823/216 222/824/222
f 224/825/224 218/826/218 217/827/217
f 224/825/224 217/827/217 223/828/223
f 225/829/225 219/830/219 146/831/146
f 226/832/226 220/833/220 219/834/219
f 226/832/226 219/834/219 225/835/225
f 227/836/227 221/837/221 220/838/220
f 227/836/227 220/838/220 226/839/226
f 228/840/228 222/841/222 221/842/221
f 228/840/228 221/842/221 227/843/227
f 229/844/229 223/845/223 222/846/222
f 229/844/229 222/846/222 228/847/228
f 230/848/230 224/849/224 223/850/223
f 230/848/230 223/850/223 229/851/229
f 231/852/231 225/853/225 146/854/146
f 232/855/232 226/856/226 225/857/225
f 232/855/232 225/857/225 231/858/231
f 233/859/233 227/860/227 226/861/226
f 233/859/233 226/861/226 232/862/232
f 234/863/234 228/864/228 227/865/227
f 234/863/234 227/865/227 233/866/233
f 235/867/235 229/868/229 228/869/228
f 235/867/235 228/869/228 234/870/234
f 236/871/236 230/872/230 229/873/229
f 236/871/236 229/873/229 235/874/235
f 237/875/237 231/876/231 146/877/146
f 238/878/238 232/879/232 231/880/231
f 238/878/238 231/880/231 237/881/237
f 239/882/239 233/883/233 232/884/232
f 239/882/239 232/884/232 238/885/238
f 240/886/240 234/887/234 233/888/233
f 240/886/240 233/888/233 239/889/239
f 241/890/241 235/891/235 234/892/234
f 241/890/241 234/892/234 240/893/240
f 242/894/242 236/895/236 235/896/235
f 242/894/242 235/896/235 241/897/241
f 243/898/243 237/899/237 146/900/146
f 244/901/244 238/902/238 237/903/237
f 244/901/244 237/903/237 243/904/243
f 245/905/245 239/906/239 238/907/238
f 245/905/245 238/907/238 244/908/244
f 246/909/246 240/910/240 239/911/239
f 246/909/246 239/911/239 245/912/245
f 247/913/247 241/914/241 240/915/240
f 247/913/247 240/915/240 246/916/246
f 248/917/248 242/918/242 241/919/241
f 248/917/248 241/919/241 247/920/247
f 249/921/249 243/922/243 146/923/146
f 250/924/250 244/925/244 243/926/243
f 250/924/250 243/926/243 249/927/249
f 251/928/251 245/929/245 244/930/244
f 251/928/251 244/930/244 250/931/250
f 252/932/252 246/933/246 245/934/245
f 252/932/252 245/934/245 251/935/251
f 253/936/253 247/937/247 246/938/246
f 253/936/253 246/938/246 252/939/252
f 254/940/254 248/941/248 247/942/247
f 254/940/254 247/942/247 253/943/253
f 255/944/255 249/945/249 146/946/146
f 256/947/256 250/948/250 249/949/249
f 256/947/256 249/949/249 255/950/255
f 257/951/257 251/952/251 250/953/250
f 257/951/257 250/953/250 256/954/256
f 258/955/258 252/956/252 251/957/251
f 258/955/258 251/957/251 257/958/257
f 259/959/259 253/960/253 252/961/252
f 259/959/259 252/961/252 258/962/258
f 260/963/260 254/964/254 253/965/253
f 260/963/260 253/965/253 259/966/259
f 261/967/261 255/968/255 146/969/146
f 262/970/262 256/971/256 255/972/255
f 262/970/262 255/972/255 261/973/261
f 263/974/263 257/975/257 256/976/256
f 263/974/263 256/976/256 262/977/262
f 264/978/264 258/979/258 257/980/257
f 264/978/264 257/980/257 263/981/263
f 265/982/265 259/983/259 258/984/258
f 265/982/265 258/984/258 264/985/264
f 266/986/266 260/987/260 259/988/259
f 266/986/266 259/988/259 265/989/265
f 267/990/267 261/991/261 146/992/146
f 268/993/268 262/994/262 261/995/261
f 268/993/268 261/995/261 267/996/267
f 269/997/269 263/998/263 262/999/262
f 269/997/269 262/999/262 268/1000/268
f 270/1001/270 264/1002/264 263/1003/263
f 270/1001/270 263/1003/263 269/1004/269
f 271/1005/271 265/1006/265 264/1007/264
f 271/1005/271 264/1007/264 270/1008/270
f 272/1009/272 266/1010/266 265/1011/265
f 272/1009/272 265/1011/265 271/1012/271
f 273/1013/273 267/1014/267 146/1015/146
f 274/1016/274 268/1017/268 267/1018/267
f 274/1016/274 267/1018/267 273/1019/273
f 275/1020/275 269/1021/269 268/1022/268
f 275/1020/275 268/1022/268 274/1023/274
f 276/1024/276 270/1025/270 269/1026/269
f 276/1024/276 269/1026/269 275/1027/275
f 277/1028/277 271/1029/271 270/1030/270
f 277/1028/277 270/1030/270 276/1031/276
f 278/1032/278 272/1033/272 271/1034/271
f 278/1032/278 271/1034/271 277/1035/277
f 279/1036/279 273/1037/273 146/1038/146
f 280/1039/280 274/1040/274 273/1041/273
f 280/1039/280 273/1041/273 279/1042/279
f 281/1043/281 275/1044/275 274/1045/274
f 281/1043/281 274/1045/274 280/1046/280
f 282/1047/282 276/1048/276 275/1049/275
f 282/1047/282 275/1049/275 281/1050/281
f 283/1051/283 277/1052/277 276/1053/276
f 283/1051/283 276/1053/276 282/1054/282
f 284/1055/284 278/1056/278 277/1057/277
f 284/1055/284 277/1057/277 283/1058/283
f 285/1059/285 279/1060/279 146/1061/146
f 286/1062/286 280/1063/280 279/1064/279
f 286/1062/286 279/1064/279 285/1065/285
f 287/1066/287 281/1067/281 280/1068/280
f 287/1066/287 280/1068/280 286/1069/286
f 288/1070/288 282/1071/282 281/1072/281
f 288/1070/288 281/1072/281 287/1073/287
f 289/1074/289 283/1075/283 282/1076/282
f 289/1074/289 282/1076/282 288/1077/288
f 290/1078/290 284/1079/284 283/1080/283
f 290/1078/290 283/1080/283 289/1081/289
f 147/1082/147 285/1083/285 146/1084/146
f 148/1085/148 286/1086/286 285/1087/285
f 148/1085/148 285/1087/285 147/1088/147
f 149/1089/149 287/1090/287 286/1091/286
f 149/1089/149 286/1091/286 148/1092/148
f 150/1093/150 288/1094/288 287/1095/287
f 150/1093/150 287/1095/287 149/1096/149
f 151/1097/151 289/1098/289 288/1099/288
f 151/1097/151 288/1099/288 150/1100/150
f 152/1101/152 290/1102/290 289/1103/289
f 152/1101/152 289/1103/289 151/1104/151
f 73/1105/73 218/1106/218 224/1107/224
f 73/1105/73 224/1107/224 79/1108/79
f 67/1109/67 61/1110/61 206/1111/206
f 67/1109/67 206/1111/206 212/1112/212
f 212/1113/212 218/1114/218 73/1115/73
f 212/1113/212 73/1115/73 67/1116/67
f 200/1117/200 206/1118/206 61/1119/61
f 200/1117/200 61/1119/61 55/1120/55
f 55/1121/55 49/1122/49 194/1123/194
f 55/1121/55 194/1123/194 200/1124/200
f 43/1125/43 188/1126/188 194/1127/194
f 43/1125/43 194/1127/194 49/1128/49
f 25/1129/25 170/1130/170 176/1131/176
f 25/1129/25 176/1131/176 31/1132/31
f 31/1133/31 176/1134/176 182/1135/182
f 31/1133/31 182/1135/182 37/1136/37
f 37/1137/37 182/1138/182 188/1139/188
f 37/1137/37 188/1139/188 43/1140/43
f 13/1141/13 158/1142/158 164/1143/164
f 13/1141/13 164/1143/164 19/1144/19
f 145/1145/145 290/1146/290 152/1147/152
f 145/1145/145 152/1147/152 7/1148/7
f 133/1149/133 278/1150/278 284/1151/284
f 133/1149/133 284/1151/284 139/1152/139
f 121/1153/121 266/1154/266 272/1155/272
f 121/1153/121 272/1155/272 127/1156/127
f 109/1157/109 254/1158/254 260/1159/260
f 109/1157/109 260/1159/260 115/1160/115
f 97/1161/97 242/1162/242 248/1163/248
f 97/1161/97 248/1163/248 103/1164/103
f 236/1165/236 91/1166/91 85/1167/85
f 236/1165/236 85/1167/85 230/1168/230
f 19/1169/19 164/1170/164 170/1171/170
f 19/1169/19 170/1171/170 25/1172/25
f 7/1173/7 152/1174/152 158/1175/158
f 7/1173/7 158/1175/158 13/1176/13
f 139/1177/139 284/1178/284 290/1179/290
f 139/1177/139 290/1179/290 145/1180/145
f 127/1181/127 272/1182/272 278/1183/278
f 127/1181/127 278/1183/278 133/1184/133
f 266/1185/266 121/1186/121 115/1187/115
f 266/1185/266 115/1187/115 260/1188/260
f 254/1189/254 109/1190/109 103/1191/103
f 254/1189/254 103/1191/103 248/1192/248
f 91/1193/91 236/1194/236 242/1195/242
f 91/1193/91 242/1195/242 97/1196/97
f 230/1197/230 85/1198/85 79/1199/79
f 230/1197/230 79/1199/79 224/1200/224
o OuterCover
v -1.458284375 0 1.900473125
v -0.5 -2.3125 0
v 0.916715625 0 2.2131475
v 0.885479375 -0.614695 2.13773625
v 0.793899375 -1.1875 1.916641875
v 0.64821625 -1.67937875 1.564931875
v 0.5 -2.056810625 1.10657375
v 1.458284375 0 1.900473125
v 1.408594375 -0.614695 1.83571625
v 1.26291125 -1.1875 1.645858125
v 1.0311625 -1.67937875 1.3438375
v 0.729141875 -2.056810625 0.95023625
v 1.900473125 0 1.458284375
v 1.83571625 -0.614695 1.408594375
v 1.645858125 -1.1875 1.26291125
v 1.3438375 -1.67937875 1.0311625
v 0.95023625 -2.056810625 0.729141875
v 0.4918787499999999 -2.29407375 0.377431875
v 2.2131475 0 0.916715625
v 2.13773625 -0.614695 0.885479375
v 1.916641875 -1.1875 0.793899375
v 1.564931875 -1.67937875 0.64821625
v 1.10657375 -2.056810625 0.458358125
v 0.572805 -2.29407375 0.23726375
v 2.375 0 0.312674375
v 2.29407375 -0.614695 0.302020625
v 2.056810625 -1.1875 0.270784375
v 1.67937875 -1.67937875 0.221094375
v 1.1875 -2.056810625 0.1563375
v 0.614695 -2.29407375 0.08092625
v 2.375 0 -0.312674375
v 2.29407375 -0.614695 -0.302020625
v 2.056810625 -1.1875 -0.270784375
v 1.67937875 -1.67937875 -0.221094375
v 1.1875 -2.056810625 -0.1563375
v 0.614695 -2.29407375 -0.08092625
v 2.2131475 0 -0.916715625
v 2.13773625 -0.614695 -0.885479375
v 1.916641875 -1.1875 -0.793899375
v 1.564931875 -1.67937875 -0.64821625
v 1.10657375 -2.056810625 -0.458358125
v 0.572805 -2.29407375 -0.23726375
v 1.900473125 0 -1.458284375
v 1.83571625 -0.614695 -1.408594375
v 1.645858125 -1.1875 -1.26291125
v 1.3438375 -1.67937875 -1.0311625
v 0.95023625 -2.056810625 -0.729141875
v 0.5 -2.29407375 -0.377431875
v 1.458284375 0 -1.900473125
v 1.408594375 -0.614695 -1.83571625
v 1.26291125 -1.1875 -1.645858125
v 1.0311625 -1.67937875 -1.3438375
v 0.729141875 -2.056810625 -0.95023625
v 0.916715625 0 -2.2131475
v 0.885479375 -0.614695 -2.13773625
v 0.793899375 -1.1875 -1.916641875
v 0.64821625 -1.67937875 -1.564931875
v 0.5 -2.056810625 -1.10657375
v -0.916715625 0 -2.2131475
v -0.885479375 -0.614695 -2.13773625
v -0.793899375 -1.1875 -1.916641875
v -0.64821625 -1.67937875 -1.564931875
v -0.5 -2.056810625 -1.10657375
v -1.458284375 0 -1.900473125
v -1.408594375 -0.614695 -1.83571625
v -1.26291125 -1.1875 -1.645858125
v -1.0311625 -1.67937875 -1.3438375
v -0.729141875 -2.056810625 -0.95023625
v -1.900473125 0 -1.458284375
v -1.83571625 -0.614695 -1.408594375
v -1.645858125 -1.1875 -1.26291125
v -1.3438375 -1.67937875 -1.0311625
v -0.95023625 -2.056810625 -0.729141875
v -0.5 -2.29407375 -0.377431875
v -2.2131475 0 -0.916715625
v -2.13773625 -0.614695 -0.885479375
v -1.916641875 -1.1875 -0.793899375
v -1.564931875 -1.67937875 -0.64821625
v -1.10657375 -2.056810625 -0.458358125
v -0.572805 -2.29407375 -0.23726375
v -2.375 0 -0.312674375
v -2.29407375 -0.614695 -0.302020625
v -2.056810625 -1.1875 -0.270784375
v -1.67937875 -1.67937875 -0.221094375
v -1.1875 -2.056810625 -0.1563375
v -0.614695 -2.29407375 -0.08092625
v -2.375 0 0.312674375
v -2.29407375 -0.614695 0.302020625
v -2.056810625 -1.1875 0.270784375
v -1.67937875 -1.67937875 0.221094375
v -1.1875 -2.056810625 0.1563375
v -0.614695 -2.29407375 0.08092625
v -2.2131475 0 0.916715625
v -2.13773625 -0.614695 0.885479375
v -1.916641875 -1.1875 0.793899375
v -1.564931875 -1.67937875 0.64821625
v -1.10657375 -2.056810625 0.458358125
v -0.572805 -2.29407375 0.23726375
v -1.900473125 0 1.458284375
v -1.83571625 -0.614695 1.408594375
v -1.645858125 -1.1875 1.26291125
v -1.3438375 -1.67937875 1.0311625
v -0.95023625 -2.056810625 0.729141875
v -0.4918787499999999 -2.29407375 0.377431875
v -1.408594375 -0.614695 1.83571625
v -1.26291125 -1.1875 1.645858125
v -1.0311625 -1.67937875 1.3438375
v -0.729141875 -2.056810625 0.95023625
v -0.916715625 0 2.2131475
v -0.885479375 -0.614695 2.13773625
v -0.793899375 -1.1875 1.916641875
v -0.64821625 -1.67937875 1.564931875
v -0.5 -2.056810625 1.10657375
v 0.5 0 2.328125
v 0.5 -0.614695 2.24719875
v 0.5 -1.1875 2.025560625
v 0.5 -1.67937875 1.64812875
v -0.5 0 2.328125
v -0.5 -0.614695 2.24719875
v -0.5 -1.1875 2.025560625
v -0.5 -1.67937875 1.64812875
v 0.5 0 -2.328125
v 0.5 -0.614695 -2.24719875
v 0.5 -1.1875 -2.025560625
v 0.5 -1.67937875 -1.64812875
v -0.5 0 -2.328125
v -0.5 -0.614695 -2.24719875
v -0.5 -1.1875 -2.025560625
v -0.5 -1.67937875 -1.64812875
v 0.5 -2.3125 0
v -0.5 0 0
v 0.5 0 0
vt 0.4296875 0.765625
vt 0.4296875 0.8046875
vt 0.44921875 0.8046875
vt 0.44921875 0.765625
vt 0.4296875 0.8046875
vt 0.4296875 0.84375
vt 0.44921875 0.84375
vt 0.44921875 0.8046875
vt 0.4296875 0.84375
vt 0.431640625 0.8828125
vt 0.447265625 0.8828125
vt 0.44921875 0.84375
vt 0.431640625 0.8828125
vt 0.43359375 0.921875
vt 0.4453125 0.921875
vt 0.447265625 0.8828125
vt 0.41015625 0.765625
vt 0.41015625 0.8046875
vt 0.4296875 0.8046875
vt 0.4296875 0.765625
vt 0.41015625 0.8046875
vt 0.41015625 0.84375
vt 0.4296875 0.84375
vt 0.4296875 0.8046875
vt 0.41015625 0.84375
vt 0.412109375 0.8828125
vt 0.427734375 0.8828125
vt 0.4296875 0.84375
vt 0.412109375 0.8828125
vt 0.4140625 0.921875
vt 0.42578125 0.921875
vt 0.427734375 0.8828125
vt 0.4140625 0.921875
vt 0.419921875 0.9609375
vt 0.42578125 0.921875
vt 0.390625 0.765625
vt 0.390625 0.8046875
vt 0.41015625 0.8046875
vt 0.41015625 0.765625
vt 0.390625 0.8046875
vt 0.390625 0.84375
vt 0.41015625 0.84375
vt 0.41015625 0.8046875
vt 0.390625 0.84375
vt 0.392578125 0.8828125
vt 0.408203125 0.8828125
vt 0.41015625 0.84375
vt 0.392578125 0.8828125
vt 0.39453125 0.921875
vt 0.40625 0.921875
vt 0.408203125 0.8828125
vt 0.39453125 0.921875
vt 0.396484375 0.9609375
vt 0.404296875 0.9609375
vt 0.40625 0.921875
vt 0.37109375 0.765625
vt 0.37109375 0.8046875
vt 0.390625 0.8046875
vt 0.390625 0.765625
vt 0.37109375 0.8046875
vt 0.37109375 0.84375
vt 0.390625 0.84375
vt 0.390625 0.8046875
vt 0.37109375 0.84375
vt 0.373046875 0.8828125
vt 0.388671875 0.8828125
vt 0.390625 0.84375
vt 0.373046875 0.8828125
vt 0.375 0.921875
vt 0.38671875 0.921875
vt 0.388671875 0.8828125
vt 0.375 0.921875
vt 0.376953125 0.9609375
vt 0.384765625 0.9609375
vt 0.38671875 0.921875
vt 0.3515625 0.765625
vt 0.3515625 0.8046875
vt 0.37109375 0.8046875
vt 0.37109375 0.765625
vt 0.3515625 0.8046875
vt 0.3515625 0.84375
vt 0.37109375 0.84375
vt 0.37109375 0.8046875
vt 0.3515625 0.84375
vt 0.353515625 0.8828125
vt 0.369140625 0.8828125
vt 0.37109375 0.84375
vt 0.353515625 0.8828125
vt 0.35546875 0.921875
vt 0.3671875 0.921875
vt 0.369140625 0.8828125
vt 0.35546875 0.921875
vt 0.357421875 0.9609375
vt 0.365234375 0.9609375
vt 0.3671875 0.921875
vt 0.33203125 0.765625
vt 0.33203125 0.8046875
vt 0.3515625 0.8046875
vt 0.3515625 0.765625
vt 0.33203125 0.8046875
vt 0.33203125 0.84375
vt 0.3515625 0.84375
vt 0.3515625 0.8046875
vt 0.33203125 0.84375
vt 0.333984375 0.8828125
vt 0.349609375 0.8828125
vt 0.3515625 0.84375
vt 0.333984375 0.8828125
vt 0.3359375 0.921875
vt 0.34765625 0.921875
vt 0.349609375 0.8828125
vt 0.3359375 0.921875
vt 0.337890625 0.9609375
vt 0.345703125 0.9609375
vt 0.34765625 0.921875
vt 0.3125 0.765625
vt 0.3125 0.8046875
vt 0.33203125 0.8046875
vt 0.33203125 0.765625
vt 0.3125 0.8046875
vt 0.3125 0.84375
vt 0.33203125 0.84375
vt 0.33203125 0.8046875
vt 0.3125 0.84375
vt 0.314453125 0.8828125
vt 0.330078125 0.8828125
vt 0.33203125 0.84375
vt 0.314453125 0.8828125
vt 0.31640625 0.921875
vt 0.328125 0.921875
vt 0.330078125 0.8828125
vt 0.31640625 0.921875
vt 0.318359375 0.9609375
vt 0.326171875 0.9609375
vt 0.328125 0.921875
vt 0.29296875 0.765625
vt 0.29296875 0.8046875
vt 0.3125 0.8046875
vt 0.3125 0.765625
vt 0.29296875 0.8046875
vt 0.29296875 0.84375
vt 0.3125 0.84375
vt 0.3125 0.8046875
vt 0.29296875 0.84375
vt 0.294921875 0.8828125
vt 0.310546875 0.8828125
vt 0.3125 0.84375
vt 0.294921875 0.8828125
vt 0.296875 0.921875
vt 0.30859375 0.921875
vt 0.310546875 0.8828125
vt 0.296875 0.921875
vt 0.302734375 0.9609375
vt 0.30859375 0.921875
vt 0.2734375 0.765625
vt 0.2734375 0.8046875
vt 0.29296875 0.8046875
vt 0.29296875 0.765625
vt 0.2734375 0.8046875
vt 0.2734375 0.84375
vt 0.29296875 0.84375
vt 0.29296875 0.8046875
vt 0.2734375 0.84375
vt 0.275390625 0.8828125
vt 0.291015625 0.8828125
vt 0.29296875 0.84375
vt 0.275390625 0.8828125
vt 0.27734375 0.921875
vt 0.2890625 0.921875
vt 0.291015625 0.8828125
vt 0.17578125 0.765625
vt 0.17578125 0.8046875
vt 0.1953125 0.8046875
vt 0.1953125 0.765625
vt 0.17578125 0.8046875
vt 0.17578125 0.84375
vt 0.1953125 0.84375
vt 0.1953125 0.8046875
vt 0.17578125 0.84375
vt 0.177734375 0.8828125
vt 0.193359375 0.8828125
vt 0.1953125 0.84375
vt 0.177734375 0.8828125
vt 0.1796875 0.921875
vt 0.19140625 0.921875
vt 0.193359375 0.8828125
vt 0.15625 0.765625
vt 0.15625 0.8046875
vt 0.17578125 0.8046875
vt 0.17578125 0.765625
vt 0.15625 0.8046875
vt 0.15625 0.84375
vt 0.17578125 0.84375
vt 0.17578125 0.8046875
vt 0.15625 0.84375
vt 0.158203125 0.8828125
vt 0.173828125 0.8828125
vt 0.17578125 0.84375
vt 0.158203125 0.8828125
vt 0.16015625 0.921875
vt 0.171875 0.921875
vt 0.173828125 0.8828125
vt 0.16015625 0.921875
vt 0.166015625 0.9609375
vt 0.171875 0.921875
vt 0.13671875 0.765625
vt 0.13671875 0.8046875
vt 0.15625 0.8046875
vt 0.15625 0.765625
vt 0.13671875 0.8046875
vt 0.13671875 0.84375
vt 0.15625 0.84375
vt 0.15625 0.8046875
vt 0.13671875 0.84375
vt 0.138671875 0.8828125
vt 0.154296875 0.8828125
vt 0.15625 0.84375
vt 0.138671875 0.8828125
vt 0.140625 0.921875
vt 0.15234375 0.921875
vt 0.154296875 0.8828125
vt 0.140625 0.921875
vt 0.142578125 0.9609375
vt 0.150390625 0.9609375
vt 0.15234375 0.921875
vt 0.150390625 0.9609375
vt 0.142578125 0.9609375
vt 0.146484375 1
vt 0.1171875 0.765625
vt 0.1171875 0.8046875
vt 0.13671875 0.8046875
vt 0.13671875 0.765625
vt 0.1171875 0.8046875
vt 0.1171875 0.84375
vt 0.13671875 0.84375
vt 0.13671875 0.8046875
vt 0.1171875 0.84375
vt 0.119140625 0.8828125
vt 0.134765625 0.8828125
vt 0.13671875 0.84375
vt 0.119140625 0.8828125
vt 0.12109375 0.921875
vt 0.1328125 0.921875
vt 0.134765625 0.8828125
vt 0.12109375 0.921875
vt 0.123046875 0.9609375
vt 0.130859375 0.9609375
vt 0.1328125 0.921875
vt 0.130859375 0.9609375
vt 0.123046875 0.9609375
vt 0.126953125 1
vt 0.09765625 0.765625
vt 0.09765625 0.8046875
vt 0.1171875 0.8046875
vt 0.1171875 0.765625
vt 0.09765625 0.8046875
vt 0.09765625 0.84375
vt 0.1171875 0.84375
vt 0.1171875 0.8046875
vt 0.09765625 0.84375
vt 0.099609375 0.8828125
vt 0.115234375 0.8828125
vt 0.1171875 0.84375
vt 0.099609375 0.8828125
vt 0.1015625 0.921875
vt 0.11328125 0.921875
vt 0.115234375 0.8828125
vt 0.1015625 0.921875
vt 0.103515625 0.9609375
vt 0.111328125 0.9609375
vt 0.11328125 0.921875
vt 0.111328125 0.9609375
vt 0.103515625 0.9609375
vt 0.107421875 1
vt 0.078125 0.765625
vt 0.078125 0.8046875
vt 0.09765625 0.8046875
vt 0.09765625 0.765625
vt 0.078125 0.8046875
vt 0.078125 0.84375
vt 0.09765625 0.84375
vt 0.09765625 0.8046875
vt 0.078125 0.84375
vt 0.080078125 0.8828125
vt 0.095703125 0.8828125
vt 0.09765625 0.84375
vt 0.080078125 0.8828125
vt 0.08203125 0.921875
vt 0.09375 0.921875
vt 0.095703125 0.8828125
vt 0.08203125 0.921875
vt 0.083984375 0.9609375
vt 0.091796875 0.9609375
vt 0.09375 0.921875
vt 0.091796875 0.9609375
vt 0.083984375 0.9609375
vt 0.087890625 1
vt 0.05859375 0.765625
vt 0.05859375 0.8046875
vt 0.078125 0.8046875
vt 0.078125 0.765625
vt 0.05859375 0.8046875
vt 0.05859375 0.84375
vt 0.078125 0.84375
vt 0.078125 0.8046875
vt 0.05859375 0.84375
vt 0.060546875 0.8828125
vt 0.076171875 0.8828125
vt 0.078125 0.84375
vt 0.060546875 0.8828125
vt 0.0625 0.921875
vt 0.07421875 0.921875
vt 0.076171875 0.8828125
vt 0.0625 0.921875
vt 0.064453125 0.9609375
vt 0.072265625 0.9609375
vt 0.07421875 0.921875
vt 0.072265625 0.9609375
vt 0.064453125 0.9609375
vt 0.068359375 1
vt 0.0390625 0.765625
vt 0.0390625 0.8046875
vt 0.05859375 0.8046875
vt 0.05859375 0.765625
vt 0.0390625 0.8046875
vt 0.0390625 0.84375
vt 0.05859375 0.84375
vt 0.05859375 0.8046875
vt 0.0390625 0.84375
vt 0.041015625 0.8828125
vt 0.056640625 0.8828125
vt 0.05859375 0.84375
vt 0.041015625 0.8828125
vt 0.04296875 0.921875
vt 0.0546875 0.921875
vt 0.056640625 0.8828125
vt 0.04296875 0.921875
vt 0.048828125 0.9609375
vt 0.0546875 0.921875
vt 0.01953125 0.765625
vt 0.01953125 0.8046875
vt 0.0390625 0.8046875
vt 0.0390625 0.765625
vt 0.01953125 0.8046875
vt 0.01953125 0.84375
vt 0.0390625 0.84375
vt 0.0390625 0.8046875
vt 0.01953125 0.84375
vt 0.021484375 0.8828125
vt 0.037109375 0.8828125
vt 0.0390625 0.84375
vt 0.021484375 0.8828125
vt 0.0234375 0.921875
vt 0.03515625 0.921875
vt 0.037109375 0.8828125
vt 0.44921875 0.765625
vt 0.44921875 0.8046875
vt 0.46875 0.8046875
vt 0.46875 0.765625
vt 0.44921875 0.8046875
vt 0.451171875 0.84375
vt 0.46875 0.84375
vt 0.46875 0.8046875
vt 0.451171875 0.84375
vt 0.455078125 0.8828125
vt 0.46875 0.8828125
vt 0.46875 0.84375
vt 0.455078125 0.8828125
vt 0.46875 0.921875
vt 0.46875 0.8828125
vt 0 0.765625
vt 0 0.8046875
vt 0.01953125 0.8046875
vt 0.01953125 0.765625
vt 0 0.8046875
vt 0 0.84375
vt 0.017578125 0.84375
vt 0.01953125 0.8046875
vt 0 0.84375
vt 0 0.8828125
vt 0.013671875 0.8828125
vt 0.017578125 0.84375
vt 0 0.8828125
vt 0 0.921875
vt 0.013671875 0.8828125
vt 0.25390625 0.765625
vt 0.25390625 0.8046875
vt 0.2734375 0.8046875
vt 0.2734375 0.765625
vt 0.25390625 0.8046875
vt 0.25390625 0.84375
vt 0.271484375 0.84375
vt 0.2734375 0.8046875
vt 0.25390625 0.84375
vt 0.25390625 0.8828125
vt 0.267578125 0.8828125
vt 0.271484375 0.84375
vt 0.25390625 0.8828125
vt 0.25390625 0.921875
vt 0.267578125 0.8828125
vt 0.1953125 0.765625
vt 0.1953125 0.8046875
vt 0.21484375 0.8046875
vt 0.21484375 0.765625
vt 0.1953125 0.8046875
vt 0.197265625 0.84375
vt 0.21484375 0.84375
vt 0.21484375 0.8046875
vt 0.197265625 0.84375
vt 0.201171875 0.8828125
vt 0.21484375 0.8828125
vt 0.21484375 0.84375
vt 0.21484375 0.91796875
vt 0.21484375 0.8828125
vt 0.201171875 0.8828125
vt 0.2890625 0.921875
vt 0.27734375 0.921875
vt 0.283203125 0.9609375
vt 0.19140625 0.921875
vt 0.1796875 0.921875
vt 0.185546875 0.9609375
vt 0.4453125 0.921875
vt 0.43359375 0.921875
vt 0.439453125 0.9609375
vt 0.03515625 0.921875
vt 0.0234375 0.921875
vt 0.029296875 0.9609375
vt 0.404296875 0.9609375
vt 0.396484375 0.9609375
vt 0.400390625 1
vt 0.384765625 0.9609375
vt 0.376953125 0.9609375
vt 0.380859375 1
vt 0.365234375 0.9609375
vt 0.357421875 0.9609375
vt 0.361328125 1
vt 0.345703125 0.9609375
vt 0.337890625 0.9609375
vt 0.341796875 1
vt 0.326171875 0.9609375
vt 0.318359375 0.9609375
vt 0.322265625 1
vt 0.48828125 0.46875
vt 0.46875 0.46875
vt 0.478515625 0.32421875
vt 0.48828125 0.46875
vt 0.498046875 0.32421875
vt 0.5078125 0.46875
vt 0.5078125 0.46875
vt 0.515625 0.32421875
vt 0.52734375 0.46875
vt 0.52734375 0.46875
vt 0.537109375 0.32421875
vt 0.546875 0.46875
vt 0.546875 0.46875
vt 0.55859375 0.32421875
vt 0.5703125 0.46875
vt 0.5703125 0.46875
vt 0.58203125 0.32421875
vt 0.58203125 0.46875
vt 0.58203125 0.46875
vt 0.58203125 0.32421875
vt 0.59375 0.46875
vt 0.59375 0.46875
vt 0.60546875 0.32421875
vt 0.6171875 0.46875
vt 0.6171875 0.46875
vt 0.626953125 0.32421875
vt 0.63671875 0.46875
vt 0.63671875 0.46875
vt 0.646484375 0.32421875
vt 0.65625 0.46875
vt 0.65625 0.46875
vt 0.666015625 0.32421875
vt 0.67578125 0.46875
vt 0.67578125 0.46875
vt 0.685546875 0.32421875
vt 0.6953125 0.46875
vt 0.6953125 0.46875
vt 0.685546875 0.32421875
vt 0.67578125 0.46875
vt 0.67578125 0.46875
vt 0.666015625 0.32421875
vt 0.65625 0.46875
vt 0.65625 0.46875
vt 0.646484375 0.32421875
vt 0.63671875 0.46875
vt 0.63671875 0.46875
vt 0.626953125 0.32421875
vt 0.6171875 0.46875
vt 0.6171875 0.46875
vt 0.60546875 0.32421875
vt 0.59375 0.46875
vt 0.59375 0.46875
vt 0.58203125 0.32421875
vt 0.58203125 0.46875
vt 0.58203125 0.46875
vt 0.58203125 0.32421875
vt 0.5703125 0.46875
vt 0.5703125 0.46875
vt 0.55859375 0.32421875
vt 0.546875 0.46875
vt 0.546875 0.46875
vt 0.537109375 0.32421875
vt 0.52734375 0.46875
vt 0.52734375 0.46875
vt 0.515625 0.32421875
vt 0.5078125 0.46875
vt 0.5078125 0.46875
vt 0.498046875 0.32421875
vt 0.48828125 0.46875
vt 0.48828125 0.46875
vt 0.478515625 0.32421875
vt 0.46875 0.46875
vn -0.6034639667539663 -0.13163306081324738 0.7864502388139404
vn 0.2704581406791188 -0.9627242035114452 -0.0038081640783559556
vn 0.386253499418125 -0.12905059853897186 0.9133204132197996
vn 0.39389956759659606 -0.2481721286187905 0.8850162287913331
vn 0.4021857301772715 -0.4770928171934857 0.7814275924384538
vn 0.3699546781196738 -0.686750872156603 0.6257050229377367
vn -0.37061954969590843 -0.8121364909251951 0.4506389569166346
vn 0.6034639612590074 -0.13163314258423456 0.7864502293438448
vn 0.5876770555823694 -0.2609008917214019 0.7658762321948724
vn 0.5260643805252113 -0.503225177430646 0.6855805483985966
vn 0.44105101845261924 -0.7041710683564261 0.556432480730301
vn 0.31934470784913244 -0.8656855662646568 0.38549637862085395
vn 0.7864502388139404 -0.13163306081324738 0.6034639667539663
vn 0.7658762288200764 -0.2609009020443235 0.5876770553976022
vn 0.6855804396290635 -0.503225388988896 0.5260643199029894
vn 0.5585701568728517 -0.710138020094094 0.4286063138450924
vn 0.39412298536085044 -0.8678757340118879 0.30242153151450324
vn -0.27569266364008244 -0.9402389030148334 0.19986085277637228
vn 0.9158404999217956 -0.13163308563861717 0.3793532779194771
vn 0.8918815399122163 -0.2609008713181412 0.36942936281412214
vn 0.7983753661203126 -0.5032251874990237 0.3306980275702129
vn 0.6504689358991501 -0.7101379048756276 0.26943333032325745
vn 0.4589660703886732 -0.8678757681302114 0.1901099611392711
vn 0.23287010218931756 -0.9678453296100831 0.0951153692012318
vn 0.9828177720757925 -0.13163322619362264 0.12939057405326682
vn 0.9571067347436033 -0.26090082766090034 0.1260057793686262
vn 0.8567623911737584 -0.5032250713772335 0.11279509123894581
vn 0.698039342026806 -0.7101378169921951 0.09189862817443603
vn 0.4925313409456156 -0.8678757389383583 0.06484273242632467
vn 0.2633050831011347 -0.9641133684942255 0.03399773380421828
vn 0.982817779196382 -0.13163317116970538 -0.12939057594469017
vn 0.9571067754578284 -0.2609006722075183 -0.12600579198744447
vn 0.8567623635119419 -0.5032251212326018 -0.11279507892574103
vn 0.698039240186237 -0.7101379202360625 -0.09189860392313177
vn 0.4925312461251481 -0.8678757947757847 -0.06484270531608695
vn 0.26330493754685996 -0.9641134095957271 -0.03399769552698713
vn 0.9158404975402828 -0.1316331123856811 -0.37935327438790617
vn 0.8918815833285617 -0.2609007055418534 -0.36942937507337004
vn 0.798375442892888 -0.5032250257961186 -0.33069808828912345
vn 0.65046900191081 -0.7101378200403508 -0.26943339455511656
vn 0.4605945672487473 -0.8678792526294726 -0.1861135338341823
vn 0.23602566922876564 -0.9675103275003463 -0.09064022090267668
vn 0.7864502293438446 -0.13163314258423453 -0.6034639612590073
vn 0.7658762321948724 -0.2609008917214019 -0.5876770555823694
vn 0.6855805483985966 -0.503225177430646 -0.5260643805252113
vn 0.5585703215758019 -0.7101378320149722 -0.4286064108197408
vn 0.39653079307538 -0.867920480000699 -0.29912768266806494
vn -0.27176349382053583 -0.9414273421776934 -0.19964759659635192
vn 0.6034639667539663 -0.13163306081324738 -0.7864502388139404
vn 0.5876770553976022 -0.2609009020443235 -0.7658762288200764
vn 0.5260643199029893 -0.5032253889888959 -0.6855804396290632
vn 0.43771093251523924 -0.7101507593377537 -0.5514481286292043
vn 0.31603891308213905 -0.8691034136447486 -0.38049791301517705
vn 0.3861592613886982 -0.13162950205122495 -0.9129921681117981
vn 0.392805645281809 -0.26097351879677644 -0.881814349804748
vn 0.3960012991318689 -0.5017705544647799 -0.7690313919197184
vn 0.36099899758223913 -0.7045433117842802 -0.6109815427364865
vn -0.3735619220728801 -0.817014692256739 -0.4392476329063614
vn -0.386253499418125 -0.12905059853897186 -0.9133204132197996
vn -0.39389956759659606 -0.2481721286187905 -0.8850162287913331
vn -0.4021857301772715 -0.4770928171934857 -0.7814275924384538
vn -0.3699546781196738 -0.686750872156603 -0.6257050229377367
vn 0.3702532967516897 -0.8136220380404491 -0.448254030053731
vn -0.6034639612590074 -0.13163314258423456 -0.7864502293438448
vn -0.5876770555823694 -0.2609008917214019 -0.7658762321948724
vn -0.5260643805252113 -0.503225177430646 -0.6855805483985966
vn -0.44105101845261924 -0.7041710683564261 -0.556432480730301
vn -0.32020842718208364 -0.8649164072513528 -0.3865050732254215
vn -0.7864502388139404 -0.13163306081324738 -0.6034639667539663
vn -0.7658762288200764 -0.2609009020443235 -0.5876770553976022
vn -0.6855804396290635 -0.503225388988896 -0.5260643199029894
vn -0.5585701568728517 -0.710138020094094 -0.4286063138450924
vn -0.3982281080417218 -0.8668468205138636 -0.29998493917281294
vn 0.270277804524083 -0.9416122056659869 -0.20078934862805045
vn -0.9158404999217956 -0.13163308563861717 -0.3793532779194771
vn -0.8918815399122163 -0.2609008713181412 -0.36942936281412214
vn -0.7983753661203126 -0.5032251874990237 -0.3306980275702129
vn -0.6504689358991501 -0.7101379048756276 -0.26943333032325745
vn -0.4622700070807753 -0.8667976328562716 -0.18699813963861808
vn -0.23789769466157853 -0.9669610263790328 -0.09160273106580272
vn -0.9828177720757925 -0.13163322619362264 -0.12939057405326682
vn -0.9571067347436033 -0.26090082766090034 -0.1260057793686262
vn -0.8567623911737584 -0.5032250713772335 -0.11279509123894581
vn -0.698039342026806 -0.7101378169921951 -0.09189862817443603
vn -0.4925313409456156 -0.8678757389383583 -0.06484273242632467
vn -0.2633050831011347 -0.9641133684942255 -0.03399773380421828
vn -0.982817779196382 -0.13163317116970538 0.12939057594469017
vn -0.9571067754578284 -0.2609006722075183 0.12600579198744447
vn -0.8567623635119419 -0.5032251212326018 0.11279507892574103
vn -0.698039240186237 -0.7101379202360625 0.09189860392313177
vn -0.4925312461251481 -0.8678757947757847 0.06484270531608695
vn -0.2633049375468601 -0.9641134095957271 0.033997695526987136
vn -0.9158404975402828 -0.1316331123856811 0.37935327438790617
vn -0.8918815833285617 -0.2609007055418534 0.36942937507337004
vn -0.798375442892888 -0.5032250257961186 0.33069808828912345
vn -0.65046900191081 -0.7101378200403508 0.26943339455511656
vn -0.45896601660248393 -0.8678757967304618 0.1901099604268926
vn -0.23286993977667358 -0.9678453735313632 0.09511531991401023
vn -0.7864502293438446 -0.13163314258423453 0.6034639612590073
vn -0.7658762321948724 -0.2609008917214019 0.5876770555823694
vn -0.6855805483985966 -0.503225177430646 0.5260643805252113
vn -0.5585703215758019 -0.7101378320149722 0.4286064108197408
vn -0.3941230264119633 -0.8678757067747501 0.30242155617961997
vn 0.2756926768063349 -0.9402389015069713 0.199860841708229
vn -0.5876770553976022 -0.2609009020443235 0.7658762288200764
vn -0.5260643199029893 -0.5032253889888959 0.6855804396290632
vn -0.43771093251523924 -0.7101507593377537 0.5514481286292043
vn -0.3151713365151846 -0.8698612966956215 0.3794843253024346
vn -0.3861592613886982 -0.13162950205122495 0.9129921681117981
vn -0.392805645281809 -0.26097351879677644 0.881814349804748
vn -0.3960012991318689 -0.5017705544647799 0.7690313919197184
vn -0.36099899758223913 -0.7045433117842802 0.6109815427364865
vn 0.37393556545827006 -0.8155554288073728 0.44163507042379013
vn -0.6037383490163505 -0.10405335089684833 0.7903625156180858
vn -0.5950154859040786 -0.19802580063986577 0.7789366815186414
vn -0.5670381286788732 -0.40167721823590274 0.719112767912397
vn -0.5725765538760592 -0.5946686401608645 0.5643804553319015
vn 0.6038132315362672 -0.10828138124426352 0.7897371232869609
vn 0.5973952303903813 -0.2188644020582708 0.7715032807567954
vn 0.5728903040488627 -0.44129113868974346 0.6906944551976014
vn 0.5746605859969119 -0.6117074137899237 0.5436720066511878
vn -0.6038132315362672 -0.10828138124426352 -0.7897371232869609
vn -0.5973952303903813 -0.2188644020582708 -0.7715032807567954
vn -0.5728903040488627 -0.44129113868974346 -0.6906944551976014
vn -0.5746605859969119 -0.6117074137899237 -0.5436720066511878
vn 0.6037383490163505 -0.10405335089684833 -0.7903625156180858
vn 0.5950154859040786 -0.19802580063986577 -0.7789366815186414
vn 0.5670381286788732 -0.40167721823590274 -0.719112767912397
vn 0.5725765538760592 -0.5946686401608645 -0.5643804553319015
vn -0.2704581406791188 -0.9627242035114452 -0.003808164078355957
vn 0.999999406846627 0.00042495024341357077 -0.0010028577590801395
vn -0.999999406846627 0.00042495024341357077 -0.0010028577590801395
usemtl m_4c953612-a22d-48b4-f110-7090be231412
f 293/1201/293 294/1202/294 299/1203/299
f 293/1201/293 299/1203/299 298/1204/298
f 294/1205/294 295/1206/295 300/1207/300
f 294/1205/294 300/1207/300 299/1208/299
f 295/1209/295 296/1210/296 301/1211/301
f 295/1209/295 301/1211/301 300/1212/300
f 296/1213/296 297/1214/297 302/1215/302
f 296/1213/296 302/1215/302 301/1216/301
f 298/1217/298 299/1218/299 304/1219/304
f 298/1217/298 304/1219/304 303/1220/303
f 299/1221/299 300/1222/300 305/1223/305
f 299/1221/299 305/1223/305 304/1224/304
f 300/1225/300 301/1226/301 306/1227/306
f 300/1225/300 306/1227/306 305/1228/305
f 301/1229/301 302/1230/302 307/1231/307
f 301/1229/301 307/1231/307 306/1232/306
f 302/1233/302 308/1234/308 307/1235/307
f 303/1236/303 304/1237/304 310/1238/310
f 303/1236/303 310/1238/310 309/1239/309
f 304/1240/304 305/1241/305 311/1242/311
f 304/1240/304 311/1242/311 310/1243/310
f 305/1244/305 306/1245/306 312/1246/312
f 305/1244/305 312/1246/312 311/1247/311
f 306/1248/306 307/1249/307 313/1250/313
f 306/1248/306 313/1250/313 312/1251/312
f 307/1252/307 308/1253/308 314/1254/314
f 307/1252/307 314/1254/314 313/1255/313
f 309/1256/309 310/1257/310 316/1258/316
f 309/1256/309 316/1258/316 315/1259/315
f 310/1260/310 311/1261/311 317/1262/317
f 310/1260/310 317/1262/317 316/1263/316
f 311/1264/311 312/1265/312 318/1266/318
f 311/1264/311 318/1266/318 317/1267/317
f 312/1268/312 313/1269/313 319/1270/319
f 312/1268/312 319/1270/319 318/1271/318
f 313/1272/313 314/1273/314 320/1274/320
f 313/1272/313 320/1274/320 319/1275/319
f 315/1276/315 316/1277/316 322/1278/322
f 315/1276/315 322/1278/322 321/1279/321
f 316/1280/316 317/1281/317 323/1282/323
f 316/1280/316 323/1282/323 322/1283/322
f 317/1284/317 318/1285/318 324/1286/324
f 317/1284/317 324/1286/324 323/1287/323
f 318/1288/318 319/1289/319 325/1290/325
f 318/1288/318 325/1290/325 324/1291/324
f 319/1292/319 320/1293/320 326/1294/326
f 319/1292/319 326/1294/326 325/1295/325
f 321/1296/321 322/1297/322 328/1298/328
f 321/1296/321 328/1298/328 327/1299/327
f 322/1300/322 323/1301/323 329/1302/329
f 322/1300/322 329/1302/329 328/1303/328
f 323/1304/323 324/1305/324 330/1306/330
f 323/1304/323 330/1306/330 329/1307/329
f 324/1308/324 325/1309/325 331/1310/331
f 324/1308/324 331/1310/331 330/1311/330
f 325/1312/325 326/1313/326 332/1314/332
f 325/1312/325 332/1314/332 331/1315/331
f 327/1316/327 328/1317/328 334/1318/334
f 327/1316/327 334/1318/334 333/1319/333
f 328/1320/328 329/1321/329 335/1322/335
f 328/1320/328 335/1322/335 334/1323/334
f 329/1324/329 330/1325/330 336/1326/336
f 329/1324/329 336/1326/336 335/1327/335
f 330/1328/330 331/1329/331 337/1330/337
f 330/1328/330 337/1330/337 336/1331/336
f 331/1332/331 332/1333/332 338/1334/338
f 331/1332/331 338/1334/338 337/1335/337
f 333/1336/333 334/1337/334 340/1338/340
f 333/1336/333 340/1338/340 339/1339/339
f 334/1340/334 335/1341/335 341/1342/341
f 334/1340/334 341/1342/341 340/1343/340
f 335/1344/335 336/1345/336 342/1346/342
f 335/1344/335 342/1346/342 341/1347/341
f 336/1348/336 337/1349/337 343/1350/343
f 336/1348/336 343/1350/343 342/1351/342
f 337/1352/337 338/1353/338 343/1354/343
f 339/1355/339 340/1356/340 345/1357/345
f 339/1355/339 345/1357/345 344/1358/344
f 340/1359/340 341/1360/341 346/1361/346
f 340/1359/340 346/1361/346 345/1362/345
f 341/1363/341 342/1364/342 347/1365/347
f 341/1363/341 347/1365/347 346/1366/346
f 342/1367/342 343/1368/343 348/1369/348
f 342/1367/342 348/1369/348 347/1370/347
f 349/1371/349 350/1372/350 355/1373/355
f 349/1371/349 355/1373/355 354/1374/354
f 350/1375/350 351/1376/351 356/1377/356
f 350/1375/350 356/1377/356 355/1378/355
f 351/1379/351 352/1380/352 357/1381/357
f 351/1379/351 357/1381/357 356/1382/356
f 352/1383/352 353/1384/353 358/1385/358
f 352/1383/352 358/1385/358 357/1386/357
f 354/1387/354 355/1388/355 360/1389/360
f 354/1387/354 360/1389/360 359/1390/359
f 355/1391/355 356/1392/356 361/1393/361
f 355/1391/355 361/1393/361 360/1394/360
f 356/1395/356 357/1396/357 362/1397/362
f 356/1395/356 362/1397/362 361/1398/361
f 357/1399/357 358/1400/358 363/1401/363
f 357/1399/357 363/1401/363 362/1402/362
f 358/1403/358 364/1404/364 363/1405/363
f 359/1406/359 360/1407/360 366/1408/366
f 359/1406/359 366/1408/366 365/1409/365
f 360/1410/360 361/1411/361 367/1412/367
f 360/1410/360 367/1412/367 366/1413/366
f 361/1414/361 362/1415/362 368/1416/368
f 361/1414/361 368/1416/368 367/1417/367
f 362/1418/362 363/1419/363 369/1420/369
f 362/1418/362 369/1420/369 368/1421/368
f 363/1422/363 364/1423/364 370/1424/370
f 363/1422/363 370/1424/370 369/1425/369
f 370/1426/370 364/1427/364 292/1428/292
f 365/1429/365 366/1430/366 372/1431/372
f 365/1429/365 372/1431/372 371/1432/371
f 366/1433/366 367/1434/367 373/1435/373
f 366/1433/366 373/1435/373 372/1436/372
f 367/1437/367 368/1438/368 374/1439/374
f 367/1437/367 374/1439/374 373/1440/373
f 368/1441/368 369/1442/369 375/1443/375
f 368/1441/368 375/1443/375 374/1444/374
f 369/1445/369 370/1446/370 376/1447/376
f 369/1445/369 376/1447/376 375/1448/375
f 376/1449/376 370/1450/370 292/1451/292
f 371/1452/371 372/1453/372 378/1454/378
f 371/1452/371 378/1454/378 377/1455/377
f 372/1456/372 373/1457/373 379/1458/379
f 372/1456/372 379/1458/379 378/1459/378
f 373/1460/373 374/1461/374 380/1462/380
f 373/1460/373 380/1462/380 379/1463/379
f 374/1464/374 375/1465/375 381/1466/381
f 374/1464/374 381/1466/381 380/1467/380
f 375/1468/375 376/1469/376 382/1470/382
f 375/1468/375 382/1470/382 381/1471/381
f 382/1472/382 376/1473/376 292/1474/292
f 377/1475/377 378/1476/378 384/1477/384
f 377/1475/377 384/1477/384 383/1478/383
f 378/1479/378 379/1480/379 385/1481/385
f 378/1479/378 385/1481/385 384/1482/384
f 379/1483/379 380/1484/380 386/1485/386
f 379/1483/379 386/1485/386 385/1486/385
f 380/1487/380 381/1488/381 387/1489/387
f 380/1487/380 387/1489/387 386/1490/386
f 381/1491/381 382/1492/382 388/1493/388
f 381/1491/381 388/1493/388 387/1494/387
f 388/1495/388 382/1496/382 292/1497/292
f 383/1498/383 384/1499/384 390/1500/390
f 383/1498/383 390/1500/390 389/1501/389
f 384/1502/384 385/1503/385 391/1504/391
f 384/1502/384 391/1504/391 390/1505/390
f 385/1506/385 386/1507/386 392/1508/392
f 385/1506/385 392/1508/392 391/1509/391
f 386/1510/386 387/1511/387 393/1512/393
f 386/1510/386 393/1512/393 392/1513/392
f 387/1514/387 388/1515/388 394/1516/394
f 387/1514/387 394/1516/394 393/1517/393
f 394/1518/394 388/1519/388 292/1520/292
f 389/1521/389 390/1522/390 395/1523/395
f 389/1521/389 395/1523/395 291/1524/291
f 390/1525/390 391/1526/391 396/1527/396
f 390/1525/390 396/1527/396 395/1528/395
f 391/1529/391 392/1530/392 397/1531/397
f 391/1529/391 397/1531/397 396/1532/396
f 392/1533/392 393/1534/393 398/1535/398
f 392/1533/392 398/1535/398 397/1536/397
f 393/1537/393 394/1538/394 398/1539/398
f 291/1540/291 395/1541/395 400/1542/400
f 291/1540/291 400/1542/400 399/1543/399
f 395/1544/395 396/1545/396 401/1546/401
f 395/1544/395 401/1546/401 400/1547/400
f 396/1548/396 397/1549/397 402/1550/402
f 396/1548/396 402/1550/402 401/1551/401
f 397/1552/397 398/1553/398 403/1554/403
f 397/1552/397 403/1554/403 402/1555/402
f 404/1556/404 405/1557/405 294/1558/294
f 404/1556/404 294/1558/294 293/1559/293
f 405/1560/405 406/1561/406 295/1562/295
f 405/1560/405 295/1562/295 294/1563/294
f 406/1564/406 407/1565/407 296/1566/296
f 406/1564/406 296/1566/296 295/1567/295
f 407/1568/407 297/1569/297 296/1570/296
f 399/1571/399 400/1572/400 409/1573/409
f 399/1571/399 409/1573/409 408/1574/408
f 400/1575/400 401/1576/401 410/1577/410
f 400/1575/400 410/1577/410 409/1578/409
f 401/1579/401 402/1580/402 411/1581/411
f 401/1579/401 411/1581/411 410/1582/410
f 402/1583/402 403/1584/403 411/1585/411
f 344/1586/344 345/1587/345 413/1588/413
f 344/1586/344 413/1588/413 412/1589/412
f 345/1590/345 346/1591/346 414/1592/414
f 345/1590/345 414/1592/414 413/1593/413
f 346/1594/346 347/1595/347 415/1596/415
f 346/1594/346 415/1596/415 414/1597/414
f 347/1598/347 348/1599/348 415/1600/415
f 416/1601/416 417/1602/417 350/1603/350
f 416/1601/416 350/1603/350 349/1604/349
f 417/1605/417 418/1606/418 351/1607/351
f 417/1605/417 351/1607/351 350/1608/350
f 418/1609/418 419/1610/419 352/1611/352
f 418/1609/418 352/1611/352 351/1612/351
f 353/1613/353 352/1614/352 419/1615/419
f 348/1616/348 343/1617/343 338/1618/338
f 358/1619/358 353/1620/353 364/1621/364
f 302/1622/302 297/1623/297 308/1624/308
f 403/1625/403 398/1626/398 394/1627/394
f 314/1628/314 308/1629/308 420/1630/420
f 320/1631/320 314/1632/314 420/1633/420
f 326/1634/326 320/1635/320 420/1636/420
f 332/1637/332 326/1638/326 420/1639/420
f 338/1640/338 332/1641/332 420/1642/420
f 417/1643/417 416/1644/416 421/1645/421
f 417/1646/417 421/1647/421 418/1648/418
f 418/1649/418 421/1650/421 419/1651/419
f 419/1652/419 421/1653/421 353/1654/353
f 353/1655/353 421/1656/421 364/1657/364
f 364/1658/364 421/1659/421 292/1660/292
f 292/1661/292 421/1662/421 394/1663/394
f 394/1664/394 421/1665/421 403/1666/403
f 403/1667/403 421/1668/421 411/1669/411
f 411/1670/411 421/1671/421 410/1672/410
f 410/1673/410 421/1674/421 409/1675/409
f 409/1676/409 421/1677/421 408/1678/408
f 404/1679/404 422/1680/422 405/1681/405
f 405/1682/405 422/1683/422 406/1684/406
f 406/1685/406 422/1686/422 407/1687/407
f 407/1688/407 422/1689/422 297/1690/297
f 297/1691/297 422/1692/422 308/1693/308
f 308/1694/308 422/1695/422 420/1696/420
f 420/1697/420 422/1698/422 338/1699/338
f 338/1700/338 422/1701/422 348/1702/348
f 348/1703/348 422/1704/422 415/1705/415
f 415/1706/415 422/1707/422 414/1708/414
f 414/1709/414 422/1710/422 413/1711/413
f 413/1712/413 422/1713/422 412/1714/412
o InnerCover
v 0.5 -1.1102230246251565e-16 1.25
v -0.5 1.1102230246251565e-16 1.25
v 0.5 -1.1102230246251565e-16 1.2109375
v -0.5 1.1102230246251565e-16 1.2109375
v 0.5 -1.1102230246251565e-16 -1.25
v -0.5 1.1102230246251565e-16 -1.25
v 0.5 -1.1102230246251565e-16 -1.2109375
v -0.5 1.1102230246251565e-16 -1.2109375
v 0.49999999999999994 -0.3235237500000001 -1.2074075
v -0.5000000000000001 -0.3235237499999999 -1.2074075
v 0.49999999999999994 -0.3134137500000001 -1.169675625
v -0.5000000000000001 -0.3134137499999999 -1.169675625
v 0.4999999999999999 -0.6250000000000001 -1.082531875
v -0.5000000000000001 -0.6249999999999999 -1.082531875
v 0.4999999999999999 -0.6054687500000001 -1.0487025
v -0.5000000000000001 -0.6054687499999999 -1.0487025
v 0.4999999999999998 -0.8838837500000001 -0.88388375
v -0.5000000000000002 -0.8838837499999999 -0.88388375
v 0.49999999999999983 -0.8562618750000001 -0.856261875
v -0.5000000000000002 -0.8562618749999998 -0.856261875
v 0.4999999999999998 -1.082531875 -0.625
v -0.5000000000000002 -1.082531875 -0.625
v 0.4999999999999998 -1.0487025 -0.60546875
v -0.5000000000000002 -1.0487025 -0.60546875
v 0.4999999999999997 -1.2074075 -0.32352375
v -0.5000000000000002 -1.2074075 -0.32352375
v 0.4999999999999997 -1.169675625 -0.31341375
v -0.5000000000000002 -1.169675625 -0.31341375
v 0.4999999999999997 -1.25 0
v -0.5000000000000002 -1.25 0
v 0.4999999999999997 -1.2109375 0
v -0.5000000000000002 -1.2109375 0
v 0.4999999999999997 -1.2074075 0.32352375
v -0.5000000000000002 -1.2074075 0.32352375
v 0.4999999999999997 -1.169675625 0.31341375
v -0.5000000000000002 -1.169675625 0.31341375
v 0.4999999999999998 -1.082531875 0.625
v -0.5000000000000002 -1.082531875 0.625
v 0.4999999999999998 -1.0487025 0.60546875
v -0.5000000000000002 -1.0487025 0.60546875
v 0.4999999999999998 -0.8838837500000001 0.88388375
v -0.5000000000000002 -0.8838837499999999 0.88388375
v 0.49999999999999983 -0.8562618750000001 0.856261875
v -0.5000000000000002 -0.8562618749999998 0.856261875
v 0.4999999999999999 -0.6250000000000001 1.082531875
v -0.5000000000000001 -0.6249999999999999 1.082531875
v 0.4999999999999999 -0.6054687500000001 1.0487025
v -0.5000000000000001 -0.6054687499999999 1.0487025
v 0.49999999999999994 -0.3235237500000001 1.2074075
v -0.5000000000000001 -0.3235237499999999 1.2074075
v 0.49999999999999994 -0.3134137500000001 1.169675625
v -0.5000000000000001 -0.3134137499999999 1.169675625
vt 0.71875 0.1875
vt 0.71875 0.171875
vt 0.75 0.171875
vt 0.75 0.1875
vt 0.75 0.1875
vt 0.75 0.171875
vt 0.71875 0.171875
vt 0.71875 0.1875
vt 0.71875 0.171875
vt 0.71875 0.15625
vt 0.75 0.15625
vt 0.75 0.171875
vt 0.75 0.171875
vt 0.75 0.15625
vt 0.71875 0.15625
vt 0.71875 0.171875
vt 0.71875 0.15625
vt 0.71875 0.140625
vt 0.75 0.140625
vt 0.75 0.15625
vt 0.75 0.15625
vt 0.75 0.140625
vt 0.71875 0.140625
vt 0.71875 0.15625
vt 0.71875 0.140625
vt 0.71875 0.125
vt 0.75 0.125
vt 0.75 0.140625
vt 0.75 0.140625
vt 0.75 0.125
vt 0.71875 0.125
vt 0.71875 0.140625
vt 0.71875 0.125
vt 0.71875 0.109375
vt 0.75 0.109375
vt 0.75 0.125
vt 0.75 0.125
vt 0.75 0.109375
vt 0.71875 0.109375
vt 0.71875 0.125
vt 0.71875 0.109375
vt 0.71875 0.09375
vt 0.75 0.09375
vt 0.75 0.109375
vt 0.75 0.109375
vt 0.75 0.09375
vt 0.71875 0.09375
vt 0.71875 0.109375
vt 0.71875 0.09375
vt 0.71875 0.078125
vt 0.75 0.078125
vt 0.75 0.09375
vt 0.75 0.09375
vt 0.75 0.078125
vt 0.71875 0.078125
vt 0.71875 0.09375
vt 0.71875 0.078125
vt 0.71875 0.0625
vt 0.75 0.0625
vt 0.75 0.078125
vt 0.75 0.078125
vt 0.75 0.0625
vt 0.71875 0.0625
vt 0.71875 0.078125
vt 0.71875 0.0625
vt 0.71875 0.046875
vt 0.75 0.046875
vt 0.75 0.0625
vt 0.75 0.0625
vt 0.75 0.046875
vt 0.71875 0.046875
vt 0.71875 0.0625
vt 0.71875 0.046875
vt 0.71875 0.03125
vt 0.75 0.03125
vt 0.75 0.046875
vt 0.75 0.046875
vt 0.75 0.03125
vt 0.71875 0.03125
vt 0.71875 0.046875
vt 0.71875 0.03125
vt 0.71875 0.015625
vt 0.75 0.015625
vt 0.75 0.03125
vt 0.75 0.03125
vt 0.75 0.015625
vt 0.71875 0.015625
vt 0.71875 0.03125
vt 0.71875 0.015625
vt 0.71875 0
vt 0.75 0
vt 0.75 0.015625
vt 0.75 0.015625
vt 0.75 0
vt 0.71875 0
vt 0.71875 0.015625
vt 0.75 0
vt 0.75 0.00390625
vt 0.71875 0.00390625
vt 0.71875 0
vt 0.75 0
vt 0.75 0.00390625
vt 0.71875 0.00390625
vt 0.71875 0
vn 1.4640423420904238e-16 0.6593460546293061 0.7518395974174068
vn 1.4640423420904238e-16 0.6593460546293061 0.7518395974174068
vn 1.669420125149743e-16 0.7518399853549189 -0.6593456122713757
vn 1.669420125149743e-16 0.7518399853549189 -0.6593456122713757
vn 1.4640423420904238e-16 0.6593460546293061 -0.7518395974174068
vn 1.4640423420904238e-16 0.6593460546293061 -0.7518395974174068
vn 1.669420125149743e-16 0.7518399853549189 0.6593456122713757
vn 1.669420125149743e-16 0.7518399853549189 0.6593456122713757
vn -5.746932660711642e-17 -0.25881883789304283 -0.9659258818106568
vn -5.746932660711642e-17 -0.25881883789304283 -0.9659258818106568
vn 5.746942516297112e-17 0.25881928174915336 0.9659257628797632
vn 5.746942516297112e-17 0.25881928174915336 0.9659257628797632
vn -1.1102223759131854e-16 -0.49999970784610087 -0.8660255724595054
vn -1.1102223759131854e-16 -0.49999970784610087 -0.8660255724595054
vn 1.1102236810564238e-16 0.5000002956303611 0.8660252331021029
vn 1.1102236810564238e-16 0.5000002956303611 0.8660252331021029
vn -1.5700924586837752e-16 -0.7071067811865476 -0.7071067811865476
vn -1.5700924586837752e-16 -0.7071067811865476 -0.7071067811865476
vn 1.5700924586837752e-16 0.7071067811865476 0.7071067811865476
vn 1.5700924586837752e-16 0.7071067811865476 0.7071067811865476
vn -1.9229630609174495e-16 -0.8660255724595054 -0.49999970784610087
vn -1.9229630609174495e-16 -0.8660255724595054 -0.49999970784610087
vn 1.9229623073926458e-16 0.8660252331021029 0.5000002956303611
vn 1.9229623073926458e-16 0.8660252331021029 0.5000002956303611
vn -2.1447863081350976e-16 -0.9659258818106568 -0.25881883789304283
vn -2.1447863081350976e-16 -0.9659258818106568 -0.25881883789304283
vn 2.1447860440554649e-16 0.9659257628797632 0.25881928174915336
vn 2.1447860440554649e-16 0.9659257628797632 0.25881928174915336
vn -2.220446049250313e-16 -1 0
vn -2.220446049250313e-16 -1 0
vn 2.220446049250313e-16 1 0
vn 2.220446049250313e-16 1 0
vn -2.1447863081350976e-16 -0.9659258818106568 0.25881883789304283
vn -2.1447863081350976e-16 -0.9659258818106568 0.25881883789304283
vn 2.1447860440554649e-16 0.9659257628797632 -0.25881928174915336
vn 2.1447860440554649e-16 0.9659257628797632 -0.25881928174915336
vn -1.9229630609174495e-16 -0.8660255724595054 0.49999970784610087
vn -1.9229630609174495e-16 -0.8660255724595054 0.49999970784610087
vn 1.9229623073926458e-16 0.8660252331021029 -0.5000002956303611
vn 1.9229623073926458e-16 0.8660252331021029 -0.5000002956303611
vn -1.5700924586837752e-16 -0.7071067811865476 0.7071067811865476
vn -1.5700924586837752e-16 -0.7071067811865476 0.7071067811865476
vn 1.5700924586837752e-16 0.7071067811865476 -0.7071067811865476
vn 1.5700924586837752e-16 0.7071067811865476 -0.7071067811865476
vn -1.1102223759131854e-16 -0.49999970784610087 0.8660255724595054
vn -1.1102223759131854e-16 -0.49999970784610087 0.8660255724595054
vn 1.1102236810564238e-16 0.5000002956303611 -0.8660252331021029
vn 1.1102236810564238e-16 0.5000002956303611 -0.8660252331021029
vn -5.746932660711642e-17 -0.25881883789304283 0.9659258818106568
vn -5.746932660711642e-17 -0.25881883789304283 0.9659258818106568
vn 5.746942516297112e-17 0.25881928174915336 -0.9659257628797632
vn 5.746942516297112e-17 0.25881928174915336 -0.9659257628797632
usemtl m_4c953612-a22d-48b4-f110-7090be231412
f 427/1715/427 431/1716/431 432/1717/432
f 427/1715/427 432/1717/432 428/1718/428
f 430/1719/430 434/1720/434 433/1721/433
f 430/1719/430 433/1721/433 429/1722/429
f 431/1723/431 435/1724/435 436/1725/436
f 431/1723/431 436/1725/436 432/1726/432
f 434/1727/434 438/1728/438 437/1729/437
f 434/1727/434 437/1729/437 433/1730/433
f 435/1731/435 439/1732/439 440/1733/440
f 435/1731/435 440/1733/440 436/1734/436
f 438/1735/438 442/1736/442 441/1737/441
f 438/1735/438 441/1737/441 437/1738/437
f 439/1739/439 443/1740/443 444/1741/444
f 439/1739/439 444/1741/444 440/1742/440
f 442/1743/442 446/1744/446 445/1745/445
f 442/1743/442 445/1745/445 441/1746/441
f 443/1747/443 447/1748/447 448/1749/448
f 443/1747/443 448/1749/448 444/1750/444
f 446/1751/446 450/1752/450 449/1753/449
f 446/1751/446 449/1753/449 445/1754/445
f 447/1755/447 451/1756/451 452/1757/452
f 447/1755/447 452/1757/452 448/1758/448
f 450/1759/450 454/1760/454 453/1761/453
f 450/1759/450 453/1761/453 449/1762/449
f 451/1763/451 455/1764/455 456/1765/456
f 451/1763/451 456/1765/456 452/1766/452
f 454/1767/454 458/1768/458 457/1769/457
f 454/1767/454 457/1769/457 453/1770/453
f 455/1771/455 459/1772/459 460/1773/460
f 455/1771/455 460/1773/460 456/1774/456
f 458/1775/458 462/1776/462 461/1777/461
f 458/1775/458 461/1777/461 457/1778/457
f 459/1779/459 463/1780/463 464/1781/464
f 459/1779/459 464/1781/464 460/1782/460
f 462/1783/462 466/1784/466 465/1785/465
f 462/1783/462 465/1785/465 461/1786/461
f 463/1787/463 467/1788/467 468/1789/468
f 463/1787/463 468/1789/468 464/1790/464
f 466/1791/466 470/1792/470 469/1793/469
f 466/1791/466 469/1793/469 465/1794/465
f 467/1795/467 471/1796/471 472/1797/472
f 467/1795/467 472/1797/472 468/1798/468
f 470/1799/470 474/1800/474 473/1801/473
f 470/1799/470 473/1801/473 469/1802/469
f 471/1803/471 423/1804/423 424/1805/424
f 471/1803/471 424/1805/424 472/1806/472
f 474/1807/474 426/1808/426 425/1809/425
f 474/1807/474 425/1809/425 473/1810/473
f 428/1811/428 430/1812/430 429/1813/429
f 428/1811/428 429/1813/429 427/1814/427
f 426/1815/426 424/1816/424 423/1817/423
f 426/1815/426 423/1817/423 425/1818/425
o Base
v 0 -0.5 0
v 0 0 0
v 0.8125 -0.5 3
v 0.8125 0 3
v 2.1875 -0.5 2.1875
v 2.1875 0 2.1875
v 3 -0.5 0.8125
v 3 0 0.8125
v 3 -0.5 -0.8125
v 3 0 -0.8125
v 2.1875 -0.5 -2.1875
v 2.1875 0 -2.1875
v 0.8125 -0.5 -3
v 0.8125 0 -3
v -0.8125 -0.5 -3
v -0.8125 0 -3
v -2.1875 -0.5 -2.1875
v -2.1875 0 -2.1875
v -3 -0.5 -0.8125
v -3 0 -0.8125
v -3 -0.5 0.8125
v -3 0 0.8125
v -2.1875 -0.5 2.1875
v -2.1875 0 2.1875
v -0.8125 -0.5 3
v -0.8125 0 3
v -2.5 0 0
v -3 0 0
v -2.5 0 0.5
v -3 0 0.5
v -2.5 0.25 0.4375
v -3 0.25 0.4375
v -2.5 0.4375 0.25
v -3 0.4375 0.25
v -2.5 0.5 0
v -3 0.5 0
v -2.5 0.4375 -0.25
v -3 0.4375 -0.25
v -2.5 0.25 -0.4375
v -3 0.25 -0.4375
v -2.5 0 -0.5
v -3 0 -0.5
v 3 0 0
v 2.5 0 0
v 3 0 0.5
v 2.5 0 0.5
v 3 0.25 0.4375
v 2.5 0.25 0.4375
v 3 0.4375 0.25
v 2.5 0.4375 0.25
v 3 0.5 0
v 2.5 0.5 0
v 3 0.4375 -0.25
v 2.5 0.4375 -0.25
v 3 0.25 -0.4375
v 2.5 0.25 -0.4375
v 3 0 -0.5
v 2.5 0 -0.5
vt 0.51953125 1
vt 0.46875 1
vt 0.494140625 0.8125
vt 0.46875 0.7421875
vt 0.51953125 0.7421875
vt 0.51953125 0.7734375
vt 0.46875 0.7734375
vt 0.51953125 1
vt 0.46875 1
vt 0.494140625 0.8125
vt 0.51953125 1
vt 0.46875 1
vt 0.494140625 0.8125
vt 0.46875 0.7421875
vt 0.51953125 0.7421875
vt 0.51953125 0.7734375
vt 0.46875 0.7734375
vt 0.51953125 1
vt 0.46875 1
vt 0.494140625 0.8125
vt 0.51953125 1
vt 0.46875 1
vt 0.494140625 0.8125
vt 0.51953125 0.7421875
vt 0.5703125 0.7421875
vt 0.5703125 0.7734375
vt 0.51953125 0.7734375
vt 0.51953125 1
vt 0.46875 1
vt 0.494140625 0.8125
vt 0.51953125 1
vt 0.46875 1
vt 0.494140625 0.8125
vt 0.46875 0.7421875
vt 0.51953125 0.7421875
vt 0.51953125 0.7734375
vt 0.46875 0.7734375
vt 0.51953125 1
vt 0.46875 1
vt 0.494140625 0.8125
vt 0.51953125 1
vt 0.46875 1
vt 0.494140625 0.8125
vt 0.46875 0.7421875
vt 0.51953125 0.7421875
vt 0.51953125 0.7734375
vt 0.46875 0.7734375
vt 0.51953125 1
vt 0.46875 1
vt 0.494140625 0.8125
vt 0.51953125 1
vt 0.46875 1
vt 0.494140625 0.8125
vt 0.46875 0.7421875
vt 0.51953125 0.7421875
vt 0.51953125 0.7734375
vt 0.46875 0.7734375
vt 0.51953125 1
vt 0.46875 1
vt 0.494140625 0.8125
vt 0.51953125 1
vt 0.46875 1
vt 0.494140625 0.8125
vt 0.46875 0.7421875
vt 0.51953125 0.7421875
vt 0.51953125 0.7734375
vt 0.46875 0.7734375
vt 0.51953125 1
vt 0.46875 1
vt 0.494140625 0.8125
vt 0.51953125 1
vt 0.46875 1
vt 0.494140625 0.8125
vt 0.46875 0.7421875
vt 0.51953125 0.7421875
vt 0.51953125 0.7734375
vt 0.46875 0.7734375
vt 0.51953125 1
vt 0.46875 1
vt 0.494140625 0.8125
vt 0.51953125 1
vt 0.46875 1
vt 0.494140625 0.8125
vt 0.51953125 0.7421875
vt 0.5703125 0.7421875
vt 0.5703125 0.7734375
vt 0.51953125 0.7734375
vt 0.51953125 1
vt 0.46875 1
vt 0.494140625 0.8125
vt 0.51953125 1
vt 0.46875 1
vt 0.494140625 0.8125
vt 0.46875 0.7421875
vt 0.51953125 0.7421875
vt 0.51953125 0.7734375
vt 0.46875 0.7734375
vt 0.51953125 1
vt 0.46875 1
vt 0.494140625 0.8125
vt 0.51953125 1
vt 0.46875 1
vt 0.494140625 0.8125
vt 0.46875 0.7421875
vt 0.51953125 0.7421875
vt 0.51953125 0.7734375
vt 0.46875 0.7734375
vt 0.51953125 1
vt 0.46875 1
vt 0.494140625 0.8125
vt 0.51953125 1
vt 0.46875 1
vt 0.494140625 0.8125
vt 0.46875 0.7421875
vt 0.51953125 0.7421875
vt 0.51953125 0.7734375
vt 0.46875 0.7734375
vt 0.51953125 1
vt 0.46875 1
vt 0.494140625 0.8125
vt 0.53125 0.7890625
vt 0.529296875 0.7734375
vt 0.544921875 0.7734375
vt 0.470703125 0.7421875
vt 0.478515625 0.7421875
vt 0.478515625 0.7734375
vt 0.470703125 0.7734375
vt 0.560546875 0.7734375
vt 0.55859375 0.7890625
vt 0.544921875 0.7734375
vt 0.537109375 0.80078125
vt 0.53125 0.7890625
vt 0.544921875 0.7734375
vt 0.478515625 0.7421875
vt 0.486328125 0.7421875
vt 0.486328125 0.7734375
vt 0.478515625 0.7734375
vt 0.55859375 0.7890625
vt 0.552734375 0.80078125
vt 0.544921875 0.7734375
vt 0.544921875 0.8046875
vt 0.537109375 0.80078125
vt 0.544921875 0.7734375
vt 0.486328125 0.7421875
vt 0.494140625 0.7421875
vt 0.494140625 0.7734375
vt 0.486328125 0.7734375
vt 0.552734375 0.80078125
vt 0.544921875 0.8046875
vt 0.544921875 0.7734375
vt 0.552734375 0.80078125
vt 0.544921875 0.8046875
vt 0.544921875 0.7734375
vt 0.494140625 0.7421875
vt 0.501953125 0.7421875
vt 0.501953125 0.7734375
vt 0.494140625 0.7734375
vt 0.544921875 0.8046875
vt 0.537109375 0.80078125
vt 0.544921875 0.7734375
vt 0.55859375 0.7890625
vt 0.552734375 0.80078125
vt 0.544921875 0.7734375
vt 0.501953125 0.7421875
vt 0.509765625 0.7421875
vt 0.509765625 0.7734375
vt 0.501953125 0.7734375
vt 0.537109375 0.80078125
vt 0.53125 0.7890625
vt 0.544921875 0.7734375
vt 0.560546875 0.7734375
vt 0.55859375 0.7890625
vt 0.544921875 0.7734375
vt 0.509765625 0.7421875
vt 0.517578125 0.7421875
vt 0.517578125 0.7734375
vt 0.509765625 0.7734375
vt 0.53125 0.7890625
vt 0.529296875 0.7734375
vt 0.544921875 0.7734375
vt 0.53125 0.7890625
vt 0.529296875 0.7734375
vt 0.544921875 0.7734375
vt 0.470703125 0.7421875
vt 0.478515625 0.7421875
vt 0.478515625 0.7734375
vt 0.470703125 0.7734375
vt 0.560546875 0.7734375
vt 0.55859375 0.7890625
vt 0.544921875 0.7734375
vt 0.537109375 0.80078125
vt 0.53125 0.7890625
vt 0.544921875 0.7734375
vt 0.478515625 0.7421875
vt 0.486328125 0.7421875
vt 0.486328125 0.7734375
vt 0.478515625 0.7734375
vt 0.55859375 0.7890625
vt 0.552734375 0.80078125
vt 0.544921875 0.7734375
vt 0.544921875 0.8046875
vt 0.537109375 0.80078125
vt 0.544921875 0.7734375
vt 0.486328125 0.7421875
vt 0.494140625 0.7421875
vt 0.494140625 0.7734375
vt 0.486328125 0.7734375
vt 0.552734375 0.80078125
vt 0.544921875 0.8046875
vt 0.544921875 0.7734375
vt 0.552734375 0.80078125
vt 0.544921875 0.8046875
vt 0.544921875 0.7734375
vt 0.494140625 0.7421875
vt 0.501953125 0.7421875
vt 0.501953125 0.7734375
vt 0.494140625 0.7734375
vt 0.544921875 0.8046875
vt 0.537109375 0.80078125
vt 0.544921875 0.7734375
vt 0.55859375 0.7890625
vt 0.552734375 0.80078125
vt 0.544921875 0.7734375
vt 0.501953125 0.7421875
vt 0.509765625 0.7421875
vt 0.509765625 0.7734375
vt 0.501953125 0.7734375
vt 0.537109375 0.80078125
vt 0.53125 0.7890625
vt 0.544921875 0.7734375
vt 0.560546875 0.7734375
vt 0.55859375 0.7890625
vt 0.544921875 0.7734375
vt 0.509765625 0.7421875
vt 0.517578125 0.7421875
vt 0.517578125 0.7734375
vt 0.509765625 0.7734375
vt 0.53125 0.7890625
vt 0.529296875 0.7734375
vt 0.544921875 0.7734375
vn 0 -1 0
vn 0.508729312126641 0 0.8609265282143156
vn 0 1 0
vn 0 -1 0
vn 0.8609265282143156 0 0.508729312126641
vn 0 1 0
vn 0 -1 0
vn 1 0 0
vn 0 1 0
vn 0 -1 0
vn 0.8609265282143156 0 -0.508729312126641
vn 0 1 0
vn 0 -1 0
vn 0.508729312126641 0 -0.8609265282143156
vn 0 1 0
vn 0 -1 0
vn 0 0 -1
vn 0 1 0
vn 0 -1 0
vn -0.508729312126641 0 -0.8609265282143156
vn 0 1 0
vn 0 -1 0
vn -0.8609265282143156 0 -0.508729312126641
vn 0 1 0
vn 0 -1 0
vn -1 0 0
vn 0 1 0
vn 0 -1 0
vn -0.8609265282143156 0 0.508729312126641
vn 0 1 0
vn 0 -1 0
vn -0.508729312126641 0 0.8609265282143156
vn 0 1 0
vn 0 -1 0
vn 0 0 1
vn 0 1 0
vn 1 0 0
vn 0 0.24253562503633297 0.9701425001453319
vn -1 0 0
vn 1 0 0
vn 0 0.7071067811865476 0.7071067811865476
vn -1 0 0
vn 1 0 0
vn 0 0.9701425001453319 0.24253562503633297
vn -1 0 0
vn 1 0 0
vn 0 0.9701425001453319 -0.24253562503633297
vn -1 0 0
vn 1 0 0
vn 0 0.7071067811865476 -0.7071067811865476
vn -1 0 0
vn 1 0 0
vn 0 0.24253562503633297 -0.9701425001453319
vn -1 0 0
vn 1 0 0
vn 0 0.24253562503633297 0.9701425001453319
vn -1 0 0
vn 1 0 0
vn 0 0.7071067811865476 0.7071067811865476
vn -1 0 0
vn 1 0 0
vn 0 0.9701425001453319 0.24253562503633297
vn -1 0 0
vn 1 0 0
vn 0 0.9701425001453319 -0.24253562503633297
vn -1 0 0
vn 1 0 0
vn 0 0.7071067811865476 -0.7071067811865476
vn -1 0 0
vn 1 0 0
vn 0 0.24253562503633297 -0.9701425001453319
vn -1 0 0
usemtl m_4c953612-a22d-48b4-f110-7090be231412
f 479/1819/475 477/1820/475 475/1821/475
f 477/1822/476 479/1823/476 480/1824/476
f 477/1822/476 480/1824/476 478/1825/476
f 478/1826/477 480/1827/477 476/1828/477
f 481/1829/478 479/1830/478 475/1831/478
f 479/1832/479 481/1833/479 482/1834/479
f 479/1832/479 482/1834/479 480/1835/479
f 480/1836/480 482/1837/480 476/1838/480
f 483/1839/481 481/1840/481 475/1841/481
f 481/1842/482 483/1843/482 484/1844/482
f 481/1842/482 484/1844/482 482/1845/482
f 482/1846/483 484/1847/483 476/1848/483
f 485/1849/484 483/1850/484 475/1851/484
f 483/1852/485 485/1853/485 486/1854/485
f 483/1852/485 486/1854/485 484/1855/485
f 484/1856/486 486/1857/486 476/1858/486
f 487/1859/487 485/1860/487 475/1861/487
f 485/1862/488 487/1863/488 488/1864/488
f 485/1862/488 488/1864/488 486/1865/488
f 486/1866/489 488/1867/489 476/1868/489
f 489/1869/490 487/1870/490 475/1871/490
f 487/1872/491 489/1873/491 490/1874/491
f 487/1872/491 490/1874/491 488/1875/491
f 488/1876/492 490/1877/492 476/1878/492
f 491/1879/493 489/1880/493 475/1881/493
f 489/1882/494 491/1883/494 492/1884/494
f 489/1882/494 492/1884/494 490/1885/494
f 490/1886/495 492/1887/495 476/1888/495
f 493/1889/496 491/1890/496 475/1891/496
f 491/1892/497 493/1893/497 494/1894/497
f 491/1892/497 494/1894/497 492/1895/497
f 492/1896/498 494/1897/498 476/1898/498
f 495/1899/499 493/1900/499 475/1901/499
f 493/1902/500 495/1903/500 496/1904/500
f 493/1902/500 496/1904/500 494/1905/500
f 494/1906/501 496/1907/501 476/1908/501
f 497/1909/502 495/1910/502 475/1911/502
f 495/1912/503 497/1913/503 498/1914/503
f 495/1912/503 498/1914/503 496/1915/503
f 496/1916/504 498/1917/504 476/1918/504
f 499/1919/505 497/1920/505 475/1921/505
f 497/1922/506 499/1923/506 500/1924/506
f 497/1922/506 500/1924/506 498/1925/506
f 498/1926/507 500/1927/507 476/1928/507
f 477/1929/508 499/1930/508 475/1931/508
f 499/1932/509 477/1933/509 478/1934/509
f 499/1932/509 478/1934/509 500/1935/509
f 500/1936/510 478/1937/510 476/1938/510
f 505/1939/511 503/1940/511 501/1941/511
f 503/1942/512 505/1943/512 506/1944/512
f 503/1942/512 506/1944/512 504/1945/512
f 504/1946/513 506/1947/513 502/1948/513
f 507/1949/514 505/1950/514 501/1951/514
f 505/1952/515 507/1953/515 508/1954/515
f 505/1952/515 508/1954/515 506/1955/515
f 506/1956/516 508/1957/516 502/1958/516
f 509/1959/517 507/1960/517 501/1961/517
f 507/1962/518 509/1963/518 510/1964/518
f 507/1962/518 510/1964/518 508/1965/518
f 508/1966/519 510/1967/519 502/1968/519
f 511/1969/520 509/1970/520 501/1971/520
f 509/1972/521 511/1973/521 512/1974/521
f 509/1972/521 512/1974/521 510/1975/521
f 510/1976/522 512/1977/522 502/1978/522
f 513/1979/523 511/1980/523 501/1981/523
f 511/1982/524 513/1983/524 514/1984/524
f 511/1982/524 514/1984/524 512/1985/524
f 512/1986/525 514/1987/525 502/1988/525
f 515/1989/526 513/1990/526 501/1991/526
f 513/1992/527 515/1993/527 516/1994/527
f 513/1992/527 516/1994/527 514/1995/527
f 514/1996/528 516/1997/528 502/1998/528
f 521/1999/529 519/2000/529 517/2001/529
f 519/2002/530 521/2003/530 522/2004/530
f 519/2002/530 522/2004/530 520/2005/530
f 520/2006/531 522/2007/531 518/2008/531
f 523/2009/532 521/2010/532 517/2011/532
f 521/2012/533 523/2013/533 524/2014/533
f 521/2012/533 524/2014/533 522/2015/533
f 522/2016/534 524/2017/534 518/2018/534
f 525/2019/535 523/2020/535 517/2021/535
f 523/2022/536 525/2023/536 526/2024/536
f 523/2022/536 526/2024/536 524/2025/536
f 524/2026/537 526/2027/537 518/2028/537
f 527/2029/538 525/2030/538 517/2031/538
f 525/2032/539 527/2033/539 528/2034/539
f 525/2032/539 528/2034/539 526/2035/539
f 526/2036/540 528/2037/540 518/2038/540
f 529/2039/541 527/2040/541 517/2041/541
f 527/2042/542 529/2043/542 530/2044/542
f 527/2042/542 530/2044/542 528/2045/542
f 528/2046/543 530/2047/543 518/2048/543
f 531/2049/544 529/2050/544 517/2051/544
f 529/2052/545 531/2053/545 532/2054/545
f 529/2052/545 532/2054/545 530/2055/545
f 530/2056/546 532/2057/546 518/2058/546